No,Product,Client,id1,id2,id3,id4,weight,weight_unit,result,tare,Gross,date,time,user_name,unit_weight,pcs,picture,idgroup_name,is_idgroup_record,prt_list_no,id5,id6,OK,hi_limit,low_limit,limit_unit,minimum_limit,uw_pcs,pro_code,pro_desc,cmpy_addr,cmpy_people,cmpy_tel,cmpy_desc,pro_abbr,use_date,third_date,pro_price_unit,product_groups,id1_remark,id2_remark,id3_remark,id4_remark,id5_remark,id6_remark,Pro_Price,pro_num,product_target,product_targetunit,product_percent,total_price,total_priceunit,product_target_current,cmpy_barcode,id1_barcode,id2_barcode,id3_barcode,id4_barcode,id5_barcode,id6_barcode,product_format_path,swift_serial,remark1,remark2,pro_client_trace,pro_id1_trace,pro_id2_trace,pro_id3_trace,pro_id4_trace,pro_id5_trace,pro_id6_trace,pro_id7_trace,pro_id8_trace,pro_id9_trace,pro_id10_trace,local_remote,uw_unit,pro_proportion_and_line,id7_name,id8_name,id9_name,id10_name,id7_remark,id8_remark,id9_remark,id10_remark,id7_barcode,id8_barcode,id9_barcode,id10_barcode,pro_optional1,pro_optional2,pro_optional3,pro_optional4,pro_optional5,scale_id,log_status,related_id,kill_date,packing_date,used_date
9,2,,,,,,3.345,kg,0,0.3,3.645,06-06-26,08:23:27,Technician ,0,0,,,0,1,,,0,0,0,kg,0,,,,,,,,,0,0,,,,,,,,,0,0,,0,0,0,0,0,,,,,,,,,1,,,,,,,,,,,,,,local,0,,,,,,,,,,,,,,,,,,,scale A,,15279,,,
35,2,,,,,,3.49,kg,0,0.3,3.79,06-06-26,08:35:45,Technician ,0,0,,,0,2,,,0,0,0,kg,0,,,,,,,,,0,0,,,,,,,,,0,0,,0,0,0,0,0,,,,,,,,,1,,,,,,,,,,,,,,local,0,,,,,,,,,,,,,,,,,,,scale A,,15280,,,
42,2,,,,,,3.37,kg,0,0.3,3.67,06-06-26,08:39:20,Technician ,0,0,,,0,3,,,0,0,0,kg,0,,,,,,,,,0,0,,,,,,,,,0,0,,0,0,0,0,0,,,,,,,,,1,,,,,,,,,,,,,,local,0,,,,,,,,,,,,,,,,,,,scale A,,15281,,,
46,2,,,,,,3.195,kg,0,0.3,3.495,06-06-26,08:40:55,Technician ,0,0,,,0,4,,,0,0,0,kg,0,,,,,,,,,0,0,,,,,,,,,0,0,,0,0,0,0,0,,,,,,,,,1,,,,,,,,,,,,,,local,0,,,,,,,,,,,,,,,,,,,scale A,,15282,,,
69,2,,,,,,3.195,kg,0,0.3,3.495,06-06-26,09:05:34,Technician ,0,0,,,0,5,,,0,0,0,kg,0,,,,,,,,,0,0,,,,,,,,,0,0,,0,0,0,0,0,,,,,,,,,1,,,,,,,,,,,,,,local,0,,,,,,,,,,,,,,,,,,,scale A,,15283,,,
88,2,,,,,,3.375,kg,0,0.3,3.675,06-06-26,10:20:38,Technician ,0,0,,,0,6,,,0,0,0,kg,0,,,,,,,,,0,0,,,,,,,,,0,0,,0,0,0,0,0,,,,,,,,,1,,,,,,,,,,,,,,local,0,,,,,,,,,,,,,,,,,,,scale A,,15284,,,
104,2,,,,,,3.535,kg,0,0.315,3.85,06-06-26,11:12:36,Technician ,0,0,,,0,7,,,0,0,0,kg,0,,,,,,,,,0,0,,,,,,,,,0,0,,0,0,0,0,0,,,,,,,,,1,,,,,,,,,,,,,,local,0,,,,,,,,,,,,,,,,,,,scale A,,15285,,,
116,2,,,,,,3.54,kg,0,0.315,3.855,06-06-26,11:21:36,Technician ,0,0,,,0,8,,,0,0,0,kg,0,,,,,,,,,0,0,,,,,,,,,0,0,,0,0,0,0,0,,,,,,,,,1,,,,,,,,,,,,,,local,0,,,,,,,,,,,,,,,,,,,scale A,,15286,,,
123,2,,,,,,3.485,kg,0,0.315,3.8,06-06-26,11:24:22,Technician ,0,0,,,0,9,,,0,0,0,kg,0,,,,,,,,,0,0,,,,,,,,,0,0,,0,0,0,0,0,,,,,,,,,1,,,,,,,,,,,,,,local,0,,,,,,,,,,,,,,,,,,,scale A,,15287,,,
150,2,,,,,,3.4,kg,0,0.315,3.715,06-06-26,12:24:20,Technician ,0,0,,,0,10,,,0,0,0,kg,0,,,,,,,,,0,0,,,,,,,,,0,0,,0,0,0,0,0,,,,,,,,,1,,,,,,,,,,,,,,local,0,,,,,,,,,,,,,,,,,,,scale A,,15288,,,
178,2,,,,,,3.675,kg,0,0.315,3.99,06-06-26,13:31:39,Technician ,0,0,,,0,11,,,0,0,0,kg,0,,,,,,,,,0,0,,,,,,,,,0,0,,0,0,0,0,0,,,,,,,,,2,,,,,,,,,,,,,,local,0,,,,,,,,,,,,,,,,,,,scale A,,15289,,,
196,2,,,,,,3.435,kg,0,0.315,3.75,06-06-26,14:15:22,Technician ,0,0,,,0,12,,,0,0,0,kg,0,,,,,,,,,0,0,,,,,,,,,0,0,,0,0,0,0,0,,,,,,,,,1,,,,,,,,,,,,,,local,0,,,,,,,,,,,,,,,,,,,scale A,,15290,,,
205,2,,,,,,3.575,kg,0,0.315,3.89,06-06-26,14:20:31,Technician ,0,0,,,0,13,,,0,0,0,kg,0,,,,,,,,,0,0,,,,,,,,,0,0,,0,0,0,0,0,,,,,,,,,1,,,,,,,,,,,,,,local,0,,,,,,,,,,,,,,,,,,,scale A,,15291,,,
225,2,,,,,,3.21,kg,0,0.315,3.525,06-06-26,15:32:03,Technician ,0,0,,,0,14,,,0,0,0,kg,0,,,,,,,,,0,0,,,,,,,,,0,0,,0,0,0,0,0,,,,,,,,,2,,,,,,,,,,,,,,local,0,,,,,,,,,,,,,,,,,,,scale A,,15292,,,
243,2,,,,,,3.405,kg,0,0.315,3.72,06-06-26,15:42:16,Technician ,0,0,,,0,15,,,0,0,0,kg,0,,,,,,,,,0,0,,,,,,,,,0,0,,0,0,0,0,0,,,,,,,,,1,,,,,,,,,,,,,,local,0,,,,,,,,,,,,,,,,,,,scale A,,15293,,,
252,2,,,,,,3.155,kg,0,0.315,3.47,06-06-26,16:09:54,Technician ,0,0,,,0,16,,,0,0,0,kg,0,,,,,,,,,0,0,,,,,,,,,0,0,,0,0,0,0,0,,,,,,,,,1,,,,,,,,,,,,,,local,0,,,,,,,,,,,,,,,,,,,scale A,,15294,,,
272,2,,,,,,3.385,kg,0,0.315,3.7,06-06-26,16:40:39,Technician ,0,0,,,0,17,,,0,0,0,kg,0,,,,,,,,,0,0,,,,,,,,,0,0,,0,0,0,0,0,,,,,,,,,1,,,,,,,,,,,,,,local,0,,,,,,,,,,,,,,,,,,,scale A,,15295,,,
285,2,,,,,,3.59,kg,0,0.315,3.905,06-06-26,16:46:09,Technician ,0,0,,,0,18,,,0,0,0,kg,0,,,,,,,,,0,0,,,,,,,,,0,0,,0,0,0,0,0,,,,,,,,,1,,,,,,,,,,,,,,local,0,,,,,,,,,,,,,,,,,,,scale A,,15296,,,
7,4,,,,,,3.77,kg,0,0.3,4.07,06-06-26,08:22:20,Technician ,0,0,,,0,19,,,0,0,0,kg,0,,,,,,,,,0,0,,,,,,,,,0,0,,0,0,0,0,0,,,,,,,,,1,,,,,,,,,,,,,,local,0,,,,,,,,,,,,,,,,,,,scale A,,15297,,,
37,4,,,,,,3.66,kg,0,0.3,3.96,06-06-26,08:36:38,Technician ,0,0,,,0,20,,,0,0,0,kg,0,,,,,,,,,0,0,,,,,,,,,0,0,,0,0,0,0,0,,,,,,,,,1,,,,,,,,,,,,,,local,0,,,,,,,,,,,,,,,,,,,scale A,,15298,,,
39,4,,,,,,3.59,kg,0,0.3,3.89,06-06-26,08:37:40,Technician ,0,0,,,0,21,,,0,0,0,kg,0,,,,,,,,,0,0,,,,,,,,,0,0,,0,0,0,0,0,,,,,,,,,2,,,,,,,,,,,,,,local,0,,,,,,,,,,,,,,,,,,,scale A,,15299,,,
49,4,,,,,,3.64,kg,0,0.3,3.94,06-06-26,08:42:27,Technician ,0,0,,,0,22,,,0,0,0,kg,0,,,,,,,,,0,0,,,,,,,,,0,0,,0,0,0,0,0,,,,,,,,,2,,,,,,,,,,,,,,local,0,,,,,,,,,,,,,,,,,,,scale A,,15300,,,
67,4,,,,,,3.705,kg,0,0.3,4.005,06-06-26,09:03:51,Technician ,0,0,,,0,23,,,0,0,0,kg,0,,,,,,,,,0,0,,,,,,,,,0,0,,0,0,0,0,0,,,,,,,,,1,,,,,,,,,,,,,,local,0,,,,,,,,,,,,,,,,,,,scale A,,15301,,,
79,4,,,,,,3.585,kg,0,0.3,3.885,06-06-26,10:17:26,Technician ,0,0,,,0,24,,,0,0,0,kg,0,,,,,,,,,0,0,,,,,,,,,0,0,,0,0,0,0,0,,,,,,,,,2,,,,,,,,,,,,,,local,0,,,,,,,,,,,,,,,,,,,scale A,,15302,,,
87,4,,,,,,3.335,kg,0,0.3,3.635,06-06-26,10:20:04,Technician ,0,0,,,0,25,,,0,0,0,kg,0,,,,,,,,,0,0,,,,,,,,,0,0,,0,0,0,0,0,,,,,,,,,1,,,,,,,,,,,,,,local,0,,,,,,,,,,,,,,,,,,,scale A,,15303,,,
100,4,,,,,,3.27,kg,0,0.315,3.585,06-06-26,11:11:14,Technician ,0,0,,,0,26,,,0,0,0,kg,0,,,,,,,,,0,0,,,,,,,,,0,0,,0,0,0,0,0,,,,,,,,,3,,,,,,,,,,,,,,local,0,,,,,,,,,,,,,,,,,,,scale A,,15304,,,
121,4,,,,,,3.205,kg,0,0.315,3.52,06-06-26,11:23:53,Technician ,0,0,,,0,27,,,0,0,0,kg,0,,,,,,,,,0,0,,,,,,,,,0,0,,0,0,0,0,0,,,,,,,,,2,,,,,,,,,,,,,,local,0,,,,,,,,,,,,,,,,,,,scale A,,15305,,,
141,4,,,,,,3.065,kg,0,0.315,3.38,06-06-26,11:42:51,Technician ,0,0,,,0,28,,,0,0,0,kg,0,,,,,,,,,0,0,,,,,,,,,0,0,,0,0,0,0,0,,,,,,,,,2,,,,,,,,,,,,,,local,0,,,,,,,,,,,,,,,,,,,scale A,,15306,,,
154,4,,,,,,3.22,kg,0,0.315,3.535,06-06-26,12:48:19,Technician ,0,0,,,0,29,,,0,0,0,kg,0,,,,,,,,,0,0,,,,,,,,,0,0,,0,0,0,0,0,,,,,,,,,2,,,,,,,,,,,,,,local,0,,,,,,,,,,,,,,,,,,,scale A,,15307,,,
186,4,,,,,,3.22,kg,0,0.315,3.535,06-06-26,13:41:05,Technician ,0,0,,,0,30,,,0,0,0,kg,0,,,,,,,,,0,0,,,,,,,,,0,0,,0,0,0,0,0,,,,,,,,,2,,,,,,,,,,,,,,local,0,,,,,,,,,,,,,,,,,,,scale A,,15308,,,
192,4,,,,,,3.54,kg,0,0.315,3.855,06-06-26,14:12:24,Technician ,0,0,,,0,31,,,0,0,0,kg,0,,,,,,,,,0,0,,,,,,,,,0,0,,0,0,0,0,0,,,,,,,,,3,,,,,,,,,,,,,,local,0,,,,,,,,,,,,,,,,,,,scale A,,15309,,,
197,4,,,,,,2.2,kg,0,0.315,2.515,06-06-26,14:16:48,Technician ,0,0,,,0,32,,,0,0,0,kg,0,,,,,,,,,0,0,,,,,,,,,0,0,,0,0,0,0,0,,,,,,,,,1,,,,,,,,,,,,,,local,0,,,,,,,,,,,,,,,,,,,scale A,,15310,,,
215,4,,,,,,3.215,kg,0,0.315,3.53,06-06-26,15:26:38,Technician ,0,0,,,0,33,,,0,0,0,kg,0,,,,,,,,,0,0,,,,,,,,,0,0,,0,0,0,0,0,,,,,,,,,2,,,,,,,,,,,,,,local,0,,,,,,,,,,,,,,,,,,,scale A,,15311,,,
239,4,,,,,,3.68,kg,0,0.315,3.995,06-06-26,15:40:09,Technician ,0,0,,,0,34,,,0,0,0,kg,0,,,,,,,,,0,0,,,,,,,,,0,0,,0,0,0,0,0,,,,,,,,,3,,,,,,,,,,,,,,local,0,,,,,,,,,,,,,,,,,,,scale A,,15312,,,
247,4,,,,,,3.05,kg,0,0.315,3.365,06-06-26,16:07:03,Technician ,0,0,,,0,35,,,0,0,0,kg,0,,,,,,,,,0,0,,,,,,,,,0,0,,0,0,0,0,0,,,,,,,,,2,,,,,,,,,,,,,,local,0,,,,,,,,,,,,,,,,,,,scale A,,15313,,,
270,4,,,,,,3.54,kg,0,0.315,3.855,06-06-26,16:39:16,Technician ,0,0,,,0,36,,,0,0,0,kg,0,,,,,,,,,0,0,,,,,,,,,0,0,,0,0,0,0,0,,,,,,,,,3,,,,,,,,,,,,,,local,0,,,,,,,,,,,,,,,,,,,scale A,,15314,,,
286,4,,,,,,3.085,kg,0,0.315,3.4,06-06-26,16:46:44,Technician ,0,0,,,0,37,,,0,0,0,kg,0,,,,,,,,,0,0,,,,,,,,,0,0,,0,0,0,0,0,,,,,,,,,2,,,,,,,,,,,,,,local,0,,,,,,,,,,,,,,,,,,,scale A,,15315,,,
45,6,,,,,,2.915,kg,0,0.3,3.215,06-06-26,08:40:20,Technician ,0,0,,,0,38,,,0,0,0,kg,0,,,,,,,,,0,0,,,,,,,,,0,0,,0,0,0,0,0,,,,,,,,,2,,,,,,,,,,,,,,local,0,,,,,,,,,,,,,,,,,,,scale A,,15316,,,
59,6,,,,,,2.69,kg,0,0.3,2.99,06-06-26,08:53:12,Technician ,0,0,,,0,39,,,0,0,0,kg,0,,,,,,,,,0,0,,,,,,,,,0,0,,0,0,0,0,0,,,,,,,,,3,,,,,,,,,,,,,,local,0,,,,,,,,,,,,,,,,,,,scale A,,15317,,,
110,6,,,,,,3.125,kg,0,0.315,3.44,06-06-26,11:19:26,Technician ,0,0,,,0,40,,,0,0,0,kg,0,,,,,,,,,0,0,,,,,,,,,0,0,,0,0,0,0,0,,,,,,,,,2,,,,,,,,,,,,,,local,0,,,,,,,,,,,,,,,,,,,scale A,,15318,,,
115,6,,,,,,3.16,kg,0,0.315,3.475,06-06-26,11:21:18,Technician ,0,0,,,0,41,,,0,0,0,kg,0,,,,,,,,,0,0,,,,,,,,,0,0,,0,0,0,0,0,,,,,,,,,2,,,,,,,,,,,,,,local,0,,,,,,,,,,,,,,,,,,,scale A,,15319,,,
133,6,,,,,,2.605,kg,0,0.315,2.92,06-06-26,11:38:36,Technician ,0,0,,,0,42,,,0,0,0,kg,0,,,,,,,,,0,0,,,,,,,,,0,0,,0,0,0,0,0,,,,,,,,,3,,,,,,,,,,,,,,local,0,,,,,,,,,,,,,,,,,,,scale A,,15320,,,
188,6,,,,,,3.515,kg,0,0.315,3.83,06-06-26,14:10:22,Technician ,0,0,,,0,43,,,0,0,0,kg,0,,,,,,,,,0,0,,,,,,,,,0,0,,0,0,0,0,0,,,,,,,,,2,,,,,,,,,,,,,,local,0,,,,,,,,,,,,,,,,,,,scale A,,15321,,,
245,6,,,,,,3.33,kg,0,0.315,3.645,06-06-26,16:06:27,Technician ,0,0,,,0,44,,,0,0,0,kg,0,,,,,,,,,0,0,,,,,,,,,0,0,,0,0,0,0,0,,,,,,,,,2,,,,,,,,,,,,,,local,0,,,,,,,,,,,,,,,,,,,scale A,,15322,,,
288,6,,,,,,2.055,kg,0,0.315,2.37,06-06-26,16:47:11,Technician ,0,0,,,0,45,,,0,0,0,kg,0,,,,,,,,,0,0,,,,,,,,,0,0,,0,0,0,0,0,,,,,,,,,1,,,,,,,,,,,,,,local,0,,,,,,,,,,,,,,,,,,,scale A,,15323,,,
8,7,,,,,,3.175,kg,0,0.3,3.475,06-06-26,08:22:37,Technician ,0,0,,,0,46,,,0,0,0,kg,0,,,,,,,,,0,0,,,,,,,,,0,0,,0,0,0,0,0,,,,,,,,,4,,,,,,,,,,,,,,local,0,,,,,,,,,,,,,,,,,,,scale A,,15324,,,
14,7,,,,,,3.305,kg,0,0.3,3.605,06-06-26,08:26:22,Technician ,0,0,,,0,47,,,0,0,0,kg,0,,,,,,,,,0,0,,,,,,,,,0,0,,0,0,0,0,0,,,,,,,,,1,,,,,,,,,,,,,,local,0,,,,,,,,,,,,,,,,,,,scale A,,15325,,,
34,7,,,,,,3.26,kg,0,0.3,3.56,06-06-26,08:35:08,Technician ,0,0,,,0,48,,,0,0,0,kg,0,,,,,,,,,0,0,,,,,,,,,0,0,,0,0,0,0,0,,,,,,,,,3,,,,,,,,,,,,,,local,0,,,,,,,,,,,,,,,,,,,scale A,,15326,,,
65,7,,,,,,3.145,kg,0,0.3,3.445,06-06-26,09:00:30,Technician ,0,0,,,0,49,,,0,0,0,kg,0,,,,,,,,,0,0,,,,,,,,,0,0,,0,0,0,0,0,,,,,,,,,4,,,,,,,,,,,,,,local,0,,,,,,,,,,,,,,,,,,,scale A,,15327,,,
78,7,,,,,,3.77,kg,0,0.3,4.07,06-06-26,10:17:06,Technician ,0,0,,,0,50,,,0,0,0,kg,0,,,,,,,,,0,0,,,,,,,,,0,0,,0,0,0,0,0,,,,,,,,,2,,,,,,,,,,,,,,local,0,,,,,,,,,,,,,,,,,,,scale A,,15328,,,
105,7,,,,,,3.335,kg,0,0.315,3.65,06-06-26,11:13:59,Technician ,0,0,,,0,51,,,0,0,0,kg,0,,,,,,,,,0,0,,,,,,,,,0,0,,0,0,0,0,0,,,,,,,,,3,,,,,,,,,,,,,,local,0,,,,,,,,,,,,,,,,,,,scale A,,15329,,,
130,7,,,,,,3.275,kg,0,0.315,3.59,06-06-26,11:27:59,Technician ,0,0,,,0,52,,,0,0,0,kg,0,,,,,,,,,0,0,,,,,,,,,0,0,,0,0,0,0,0,,,,,,,,,3,,,,,,,,,,,,,,local,0,,,,,,,,,,,,,,,,,,,scale A,,15330,,,
140,7,,,,,,3.12,kg,0,0.315,3.435,06-06-26,11:42:16,Technician ,0,0,,,0,53,,,0,0,0,kg,0,,,,,,,,,0,0,,,,,,,,,0,0,,0,0,0,0,0,,,,,,,,,2,,,,,,,,,,,,,,local,0,,,,,,,,,,,,,,,,,,,scale A,,15331,,,
151,7,,,,,,3.345,kg,0,0.315,3.66,06-06-26,12:47:03,Technician ,0,0,,,0,54,,,0,0,0,kg,0,,,,,,,,,0,0,,,,,,,,,0,0,,0,0,0,0,0,,,,,,,,,3,,,,,,,,,,,,,,local,0,,,,,,,,,,,,,,,,,,,scale A,,15332,,,
173,7,,,,,,3.16,kg,0,0.315,3.475,06-06-26,13:29:32,Technician ,0,0,,,0,55,,,0,0,0,kg,0,,,,,,,,,0,0,,,,,,,,,0,0,,0,0,0,0,0,,,,,,,,,3,,,,,,,,,,,,,,local,0,,,,,,,,,,,,,,,,,,,scale A,,15333,,,
189,7,,,,,,3.42,kg,0,0.315,3.735,06-06-26,14:11:18,Technician ,0,0,,,0,56,,,0,0,0,kg,0,,,,,,,,,0,0,,,,,,,,,0,0,,0,0,0,0,0,,,,,,,,,3,,,,,,,,,,,,,,local,0,,,,,,,,,,,,,,,,,,,scale A,,15334,,,
202,7,,,,,,3.525,kg,0,0.315,3.84,06-06-26,14:19:02,Technician ,0,0,,,0,57,,,0,0,0,kg,0,,,,,,,,,0,0,,,,,,,,,0,0,,0,0,0,0,0,,,,,,,,,3,,,,,,,,,,,,,,local,0,,,,,,,,,,,,,,,,,,,scale A,,15335,,,
223,7,,,,,,3.105,kg,0,0.315,3.42,06-06-26,15:30:51,Technician ,0,0,,,0,58,,,0,0,0,kg,0,,,,,,,,,0,0,,,,,,,,,0,0,,0,0,0,0,0,,,,,,,,,3,,,,,,,,,,,,,,local,0,,,,,,,,,,,,,,,,,,,scale A,,15336,,,
240,7,,,,,,3.385,kg,0,0.315,3.7,06-06-26,15:40:35,Technician ,0,0,,,0,59,,,0,0,0,kg,0,,,,,,,,,0,0,,,,,,,,,0,0,,0,0,0,0,0,,,,,,,,,2,,,,,,,,,,,,,,local,0,,,,,,,,,,,,,,,,,,,scale A,,15337,,,
244,7,,,,,,3.255,kg,0,0.315,3.57,06-06-26,16:06:09,Technician ,0,0,,,0,60,,,0,0,0,kg,0,,,,,,,,,0,0,,,,,,,,,0,0,,0,0,0,0,0,,,,,,,,,2,,,,,,,,,,,,,,local,0,,,,,,,,,,,,,,,,,,,scale A,,15338,,,
269,7,,,,,,3.505,kg,0,0.315,3.82,06-06-26,16:38:46,Technician ,0,0,,,0,61,,,0,0,0,kg,0,,,,,,,,,0,0,,,,,,,,,0,0,,0,0,0,0,0,,,,,,,,,2,,,,,,,,,,,,,,local,0,,,,,,,,,,,,,,,,,,,scale A,,15339,,,
6,8,,,,,,2.545,kg,0,0.3,2.845,06-06-26,08:21:53,Technician ,0,0,,,0,62,,,0,0,0,kg,0,,,,,,,,,0,0,,,,,,,,,0,0,,0,0,0,0,0,,,,,,,,,3,,,,,,,,,,,,,,local,0,,,,,,,,,,,,,,,,,,,scale A,,15340,,,
22,8,,,,,,2.565,kg,0,0.3,2.865,06-06-26,08:29:41,Technician ,0,0,,,0,63,,,0,0,0,kg,0,,,,,,,,,0,0,,,,,,,,,0,0,,0,0,0,0,0,,,,,,,,,2,,,,,,,,,,,,,,local,0,,,,,,,,,,,,,,,,,,,scale A,,15341,,,
31,8,,,,,,3.09,kg,0,0.3,3.39,06-06-26,08:33:41,Technician ,0,0,,,0,64,,,0,0,0,kg,0,,,,,,,,,0,0,,,,,,,,,0,0,,0,0,0,0,0,,,,,,,,,3,,,,,,,,,,,,,,local,0,,,,,,,,,,,,,,,,,,,scale A,,15342,,,
66,8,,,,,,3.385,kg,0,0.3,3.685,06-06-26,09:01:05,Technician ,0,0,,,0,65,,,0,0,0,kg,0,,,,,,,,,0,0,,,,,,,,,0,0,,0,0,0,0,0,,,,,,,,,4,,,,,,,,,,,,,,local,0,,,,,,,,,,,,,,,,,,,scale A,,15343,,,
76,8,,,,,,3.05,kg,0,0.3,3.35,06-06-26,10:15:54,Technician ,0,0,,,0,66,,,0,0,0,kg,0,,,,,,,,,0,0,,,,,,,,,0,0,,0,0,0,0,0,,,,,,,,,4,,,,,,,,,,,,,,local,0,,,,,,,,,,,,,,,,,,,scale A,,15344,,,
106,8,,,,,,2.515,kg,0,0.315,2.83,06-06-26,11:17:48,Technician ,0,0,,,0,67,,,0,0,0,kg,0,,,,,,,,,0,0,,,,,,,,,0,0,,0,0,0,0,0,,,,,,,,,5,,,,,,,,,,,,,,local,0,,,,,,,,,,,,,,,,,,,scale A,,15345,,,
124,8,,,,,,3.03,kg,0,0.315,3.345,06-06-26,11:24:55,Technician ,0,0,,,0,68,,,0,0,0,kg,0,,,,,,,,,0,0,,,,,,,,,0,0,,0,0,0,0,0,,,,,,,,,4,,,,,,,,,,,,,,local,0,,,,,,,,,,,,,,,,,,,scale A,,15347,,,
149,8,,,,,,2.955,kg,0,0.315,3.27,06-06-26,12:23:26,Technician ,0,0,,,0,69,,,0,0,0,kg,0,,,,,,,,,0,0,,,,,,,,,0,0,,0,0,0,0,0,,,,,,,,,5,,,,,,,,,,,,,,local,0,,,,,,,,,,,,,,,,,,,scale A,,15348,,,
177,8,,,,,,3.045,kg,0,0.315,3.36,06-06-26,13:31:00,Technician ,0,0,,,0,70,,,0,0,0,kg,0,,,,,,,,,0,0,,,,,,,,,0,0,,0,0,0,0,0,,,,,,,,,4,,,,,,,,,,,,,,local,0,,,,,,,,,,,,,,,,,,,scale A,,15349,,,
203,8,,,,,,3.085,kg,0,0.315,3.4,06-06-26,14:19:23,Technician ,0,0,,,0,71,,,0,0,0,kg,0,,,,,,,,,0,0,,,,,,,,,0,0,,0,0,0,0,0,,,,,,,,,4,,,,,,,,,,,,,,local,0,,,,,,,,,,,,,,,,,,,scale A,,15350,,,
222,8,,,,,,3.025,kg,0,0.315,3.34,06-06-26,15:30:32,Technician ,0,0,,,0,72,,,0,0,0,kg,0,,,,,,,,,0,0,,,,,,,,,0,0,,0,0,0,0,0,,,,,,,,,4,,,,,,,,,,,,,,local,0,,,,,,,,,,,,,,,,,,,scale A,,15351,,,
231,8,,,,,,3.22,kg,0,0.315,3.535,06-06-26,15:35:09,Technician ,0,0,,,0,73,,,0,0,0,kg,0,,,,,,,,,0,0,,,,,,,,,0,0,,0,0,0,0,0,,,,,,,,,4,,,,,,,,,,,,,,local,0,,,,,,,,,,,,,,,,,,,scale A,,15352,,,
255,8,,,,,,2.61,kg,0,0.315,2.925,06-06-26,16:11:06,Technician ,0,0,,,0,74,,,0,0,0,kg,0,,,,,,,,,0,0,,,,,,,,,0,0,,0,0,0,0,0,,,,,,,,,3,,,,,,,,,,,,,,local,0,,,,,,,,,,,,,,,,,,,scale A,,15353,,,
275,8,,,,,,3.48,kg,0,0.315,3.795,06-06-26,16:42:18,Technician ,0,0,,,0,75,,,0,0,0,kg,0,,,,,,,,,0,0,,,,,,,,,0,0,,0,0,0,0,0,,,,,,,,,4,,,,,,,,,,,,,,local,0,,,,,,,,,,,,,,,,,,,scale A,,15354,,,
19,9,,,,,,2.515,kg,0,0.3,2.815,06-06-26,08:28:45,Technician ,0,0,,,0,76,,,0,0,0,kg,0,,,,,,,,,0,0,,,,,,,,,0,0,,0,0,0,0,0,,,,,,,,,5,,,,,,,,,,,,,,local,0,,,,,,,,,,,,,,,,,,,scale A,,15355,,,
21,9,,,,,,2.705,kg,0,0.3,3.005,06-06-26,08:29:12,Technician ,0,0,,,0,77,,,0,0,0,kg,0,,,,,,,,,0,0,,,,,,,,,0,0,,0,0,0,0,0,,,,,,,,,4,,,,,,,,,,,,,,local,0,,,,,,,,,,,,,,,,,,,scale A,,15356,,,
26,9,,,,,,2.99,kg,0,0.3,3.29,06-06-26,08:31:20,Technician ,0,0,,,0,78,,,0,0,0,kg,0,,,,,,,,,0,0,,,,,,,,,0,0,,0,0,0,0,0,,,,,,,,,5,,,,,,,,,,,,,,local,0,,,,,,,,,,,,,,,,,,,scale A,,15357,,,
75,9,,,,,,2.76,kg,0,0.3,3.06,06-06-26,10:15:40,Technician ,0,0,,,0,79,,,0,0,0,kg,0,,,,,,,,,0,0,,,,,,,,,0,0,,0,0,0,0,0,,,,,,,,,6,,,,,,,,,,,,,,local,0,,,,,,,,,,,,,,,,,,,scale A,,15358,,,
84,9,,,,,,2.525,kg,0,0.3,2.825,06-06-26,10:19:00,Technician ,0,0,,,0,80,,,0,0,0,kg,0,,,,,,,,,0,0,,,,,,,,,0,0,,0,0,0,0,0,,,,,,,,,4,,,,,,,,,,,,,,local,0,,,,,,,,,,,,,,,,,,,scale A,,15359,,,
113,9,,,,,,2.805,kg,0,0.315,3.12,06-06-26,11:20:42,Technician ,0,0,,,0,81,,,0,0,0,kg,0,,,,,,,,,0,0,,,,,,,,,0,0,,0,0,0,0,0,,,,,,,,,4,,,,,,,,,,,,,,local,0,,,,,,,,,,,,,,,,,,,scale A,,15360,,,
138,9,,,,,,3.03,kg,0,0.315,3.345,06-06-26,11:39:42,Technician ,0,0,,,0,82,,,0,0,0,kg,0,,,,,,,,,0,0,,,,,,,,,0,0,,0,0,0,0,0,,,,,,,,,5,,,,,,,,,,,,,,local,0,,,,,,,,,,,,,,,,,,,scale A,,15361,,,
166,9,,,,,,2.905,kg,0,0.315,3.22,06-06-26,12:53:24,Technician ,0,0,,,0,83,,,0,0,0,kg,0,,,,,,,,,0,0,,,,,,,,,0,0,,0,0,0,0,0,,,,,,,,,4,,,,,,,,,,,,,,local,0,,,,,,,,,,,,,,,,,,,scale A,,15362,,,
182,9,,,,,,3.015,kg,0,0.315,3.33,06-06-26,13:38:38,Technician ,0,0,,,0,84,,,0,0,0,kg,0,,,,,,,,,0,0,,,,,,,,,0,0,,0,0,0,0,0,,,,,,,,,5,,,,,,,,,,,,,,local,0,,,,,,,,,,,,,,,,,,,scale A,,15363,,,
200,9,,,,,,2.425,kg,0,0.315,2.74,06-06-26,14:18:25,Technician ,0,0,,,0,85,,,0,0,0,kg,0,,,,,,,,,0,0,,,,,,,,,0,0,,0,0,0,0,0,,,,,,,,,3,,,,,,,,,,,,,,local,0,,,,,,,,,,,,,,,,,,,scale A,,15364,,,
216,9,,,,,,2.765,kg,0,0.315,3.08,06-06-26,15:26:55,Technician ,0,0,,,0,86,,,0,0,0,kg,0,,,,,,,,,0,0,,,,,,,,,0,0,,0,0,0,0,0,,,,,,,,,5,,,,,,,,,,,,,,local,0,,,,,,,,,,,,,,,,,,,scale A,,15365,,,
253,9,,,,,,2.655,kg,0,0.315,2.97,06-06-26,16:10:08,Technician ,0,0,,,0,87,,,0,0,0,kg,0,,,,,,,,,0,0,,,,,,,,,0,0,,0,0,0,0,0,,,,,,,,,7,,,,,,,,,,,,,,local,0,,,,,,,,,,,,,,,,,,,scale A,,15366,,,
260,9,,,,,,2.34,kg,0,0.315,2.655,06-06-26,16:15:14,Technician ,0,0,,,0,88,,,0,0,0,kg,0,,,,,,,,,0,0,,,,,,,,,0,0,,0,0,0,0,0,,,,,,,,,6,,,,,,,,,,,,,,local,0,,,,,,,,,,,,,,,,,,,scale A,,15367,,,
283,9,,,,,,2.19,kg,0,0.315,2.505,06-06-26,16:45:17,Technician ,0,0,,,0,89,,,0,0,0,kg,0,,,,,,,,,0,0,,,,,,,,,0,0,,0,0,0,0,0,,,,,,,,,5,,,,,,,,,,,,,,local,0,,,,,,,,,,,,,,,,,,,scale A,,15368,,,
16,10,,,,,,3.395,kg,0,0.3,3.695,06-06-26,08:27:28,Technician ,0,0,,,0,90,,,0,0,0,kg,0,,,,,,,,,0,0,,,,,,,,,0,0,,0,0,0,0,0,,,,,,,,,3,,,,,,,,,,,,,,local,0,,,,,,,,,,,,,,,,,,,scale A,,15369,,,
27,10,,,,,,3.525,kg,0,0.3,3.825,06-06-26,08:31:57,Technician ,0,0,,,0,91,,,0,0,0,kg,0,,,,,,,,,0,0,,,,,,,,,0,0,,0,0,0,0,0,,,,,,,,,3,,,,,,,,,,,,,,local,0,,,,,,,,,,,,,,,,,,,scale A,,15370,,,
36,10,,,,,,3.53,kg,0,0.3,3.83,06-06-26,08:36:12,Technician ,0,0,,,0,92,,,0,0,0,kg,0,,,,,,,,,0,0,,,,,,,,,0,0,,0,0,0,0,0,,,,,,,,,5,,,,,,,,,,,,,,local,0,,,,,,,,,,,,,,,,,,,scale A,,15371,,,
77,10,,,,,,3.515,kg,0,0.3,3.815,06-06-26,10:16:43,Technician ,0,0,,,0,93,,,0,0,0,kg,0,,,,,,,,,0,0,,,,,,,,,0,0,,0,0,0,0,0,,,,,,,,,5,,,,,,,,,,,,,,local,0,,,,,,,,,,,,,,,,,,,scale A,,15372,,,
89,10,,,,,,3.485,kg,0,0.3,3.785,06-06-26,10:21:02,Technician ,0,0,,,0,94,,,0,0,0,kg,0,,,,,,,,,0,0,,,,,,,,,0,0,,0,0,0,0,0,,,,,,,,,3,,,,,,,,,,,,,,local,0,,,,,,,,,,,,,,,,,,,scale A,,15373,,,
120,10,,,,,,3.505,kg,0,0.315,3.82,06-06-26,11:23:28,Technician ,0,0,,,0,95,,,0,0,0,kg,0,,,,,,,,,0,0,,,,,,,,,0,0,,0,0,0,0,0,,,,,,,,,4,,,,,,,,,,,,,,local,0,,,,,,,,,,,,,,,,,,,scale A,,15374,,,
137,10,,,,,,3.155,kg,0,0.315,3.47,06-06-26,11:39:29,Technician ,0,0,,,0,96,,,0,0,0,kg,0,,,,,,,,,0,0,,,,,,,,,0,0,,0,0,0,0,0,,,,,,,,,4,,,,,,,,,,,,,,local,0,,,,,,,,,,,,,,,,,,,scale A,,15375,,,
164,10,,,,,,3.45,kg,0,0.315,3.765,06-06-26,12:52:46,Technician ,0,0,,,0,97,,,0,0,0,kg,0,,,,,,,,,0,0,,,,,,,,,0,0,,0,0,0,0,0,,,,,,,,,4,,,,,,,,,,,,,,local,0,,,,,,,,,,,,,,,,,,,scale A,,15376,,,
171,10,,,,,,3.285,kg,0,0.315,3.6,06-06-26,13:28:48,Technician ,0,0,,,0,98,,,0,0,0,kg,0,,,,,,,,,0,0,,,,,,,,,0,0,,0,0,0,0,0,,,,,,,,,4,,,,,,,,,,,,,,local,0,,,,,,,,,,,,,,,,,,,scale A,,15377,,,
211,10,,,,,,3.345,kg,0,0.315,3.66,06-06-26,14:25:12,Technician ,0,0,,,0,99,,,0,0,0,kg,0,,,,,,,,,0,0,,,,,,,,,0,0,,0,0,0,0,0,,,,,,,,,4,,,,,,,,,,,,,,local,0,,,,,,,,,,,,,,,,,,,scale A,,15378,,,
217,10,,,,,,2.88,kg,0,0.315,3.195,06-06-26,15:28:05,Technician ,0,0,,,0,100,,,0,0,0,kg,0,,,,,,,,,0,0,,,,,,,,,0,0,,0,0,0,0,0,,,,,,,,,8,,,,,,,,,,,,,,local,0,,,,,,,,,,,,,,,,,,,scale A,,15379,,,
249,10,,,,,,3.095,kg,0,0.315,3.41,06-06-26,16:08:34,Technician ,0,0,,,0,101,,,0,0,0,kg,0,,,,,,,,,0,0,,,,,,,,,0,0,,0,0,0,0,0,,,,,,,,,5,,,,,,,,,,,,,,local,0,,,,,,,,,,,,,,,,,,,scale A,,15380,,,
1,11,,,,,,3.12,kg,0,0.3,3.42,06-06-26,08:19:49,Technician ,0,0,,,0,102,,,0,0,0,kg,0,,,,,,,,,0,0,,,,,,,,,0,0,,0,0,0,0,0,,,,,,,,,5,,,,,,,,,,,,,,local,0,,,,,,,,,,,,,,,,,,,scale A,,15381,,,
33,11,,,,,,3.27,kg,0,0.3,3.57,06-06-26,08:34:42,Technician ,0,0,,,0,103,,,0,0,0,kg,0,,,,,,,,,0,0,,,,,,,,,0,0,,0,0,0,0,0,,,,,,,,,5,,,,,,,,,,,,,,local,0,,,,,,,,,,,,,,,,,,,scale A,,15382,,,
56,11,,,,,,2.805,kg,0,0.3,3.105,06-06-26,08:48:19,Technician ,0,0,,,0,104,,,0,0,0,kg,0,,,,,,,,,0,0,,,,,,,,,0,0,,0,0,0,0,0,,,,,,,,,7,,,,,,,,,,,,,,local,0,,,,,,,,,,,,,,,,,,,scale A,,15383,,,
80,11,,,,,,3.215,kg,0,0.3,3.515,06-06-26,10:17:58,Technician ,0,0,,,0,105,,,0,0,0,kg,0,,,,,,,,,0,0,,,,,,,,,0,0,,0,0,0,0,0,,,,,,,,,6,,,,,,,,,,,,,,local,0,,,,,,,,,,,,,,,,,,,scale A,,15384,,,
112,11,,,,,,2.865,kg,0,0.315,3.18,06-06-26,11:20:20,Technician ,0,0,,,0,106,,,0,0,0,kg,0,,,,,,,,,0,0,,,,,,,,,0,0,,0,0,0,0,0,,,,,,,,,6,,,,,,,,,,,,,,local,0,,,,,,,,,,,,,,,,,,,scale A,,15385,,,
122,11,,,,,,3.645,kg,0,0.315,3.96,06-06-26,11:24:07,Technician ,0,0,,,0,107,,,0,0,0,kg,0,,,,,,,,,0,0,,,,,,,,,0,0,,0,0,0,0,0,,,,,,,,,5,,,,,,,,,,,,,,local,0,,,,,,,,,,,,,,,,,,,scale A,,15386,,,
161,11,,,,,,3.21,kg,0,0.315,3.525,06-06-26,12:51:51,Technician ,0,0,,,0,108,,,0,0,0,kg,0,,,,,,,,,0,0,,,,,,,,,0,0,,0,0,0,0,0,,,,,,,,,5,,,,,,,,,,,,,,local,0,,,,,,,,,,,,,,,,,,,scale A,,15387,,,
183,11,,,,,,3.415,kg,0,0.315,3.73,06-06-26,13:38:57,Technician ,0,0,,,0,109,,,0,0,0,kg,0,,,,,,,,,0,0,,,,,,,,,0,0,,0,0,0,0,0,,,,,,,,,3,,,,,,,,,,,,,,local,0,,,,,,,,,,,,,,,,,,,scale A,,15388,,,
228,11,,,,,,3.31,kg,0,0.315,3.625,06-06-26,15:33:42,Technician ,0,0,,,0,110,,,0,0,0,kg,0,,,,,,,,,0,0,,,,,,,,,0,0,,0,0,0,0,0,,,,,,,,,3,,,,,,,,,,,,,,local,0,,,,,,,,,,,,,,,,,,,scale A,,15389,,,
241,11,,,,,,3.155,kg,0,0.315,3.47,06-06-26,15:40:56,Technician ,0,0,,,0,111,,,0,0,0,kg,0,,,,,,,,,0,0,,,,,,,,,0,0,,0,0,0,0,0,,,,,,,,,4,,,,,,,,,,,,,,local,0,,,,,,,,,,,,,,,,,,,scale A,,15390,,,
267,11,,,,,,2.97,kg,0,0.315,3.285,06-06-26,16:17:55,Technician ,0,0,,,0,112,,,0,0,0,kg,0,,,,,,,,,0,0,,,,,,,,,0,0,,0,0,0,0,0,,,,,,,,,5,,,,,,,,,,,,,,local,0,,,,,,,,,,,,,,,,,,,scale A,,15391,,,
273,11,,,,,,3.27,kg,0,0.315,3.585,06-06-26,16:40:56,Technician ,0,0,,,0,113,,,0,0,0,kg,0,,,,,,,,,0,0,,,,,,,,,0,0,,0,0,0,0,0,,,,,,,,,6,,,,,,,,,,,,,,local,0,,,,,,,,,,,,,,,,,,,scale A,,15392,,,
18,13,,,,,,2.565,kg,0,0.3,2.865,06-06-26,08:28:28,Technician ,0,0,,,0,114,,,0,0,0,kg,0,,,,,,,,,0,0,,,,,,,,,0,0,,0,0,0,0,0,,,,,,,,,6,,,,,,,,,,,,,,local,0,,,,,,,,,,,,,,,,,,,scale A,,15393,,,
44,13,,,,,,3.065,kg,0,0.3,3.365,06-06-26,08:40:04,Technician ,0,0,,,0,115,,,0,0,0,kg,0,,,,,,,,,0,0,,,,,,,,,0,0,,0,0,0,0,0,,,,,,,,,4,,,,,,,,,,,,,,local,0,,,,,,,,,,,,,,,,,,,scale A,,15394,,,
48,13,,,,,,2.67,kg,0,0.3,2.97,06-06-26,08:41:44,Technician ,0,0,,,0,116,,,0,0,0,kg,0,,,,,,,,,0,0,,,,,,,,,0,0,,0,0,0,0,0,,,,,,,,,8,,,,,,,,,,,,,,local,0,,,,,,,,,,,,,,,,,,,scale A,,15395,,,
96,13,,,,,,2.91,kg,0,0.3,3.21,06-06-26,10:26:29,Technician ,0,0,,,0,117,,,0,0,0,kg,0,,,,,,,,,0,0,,,,,,,,,0,0,,0,0,0,0,0,,,,,,,,,5,,,,,,,,,,,,,,local,0,,,,,,,,,,,,,,,,,,,scale A,,15396,,,
102,13,,,,,,3.125,kg,0,0.315,3.44,06-06-26,11:11:50,Technician ,0,0,,,0,118,,,0,0,0,kg,0,,,,,,,,,0,0,,,,,,,,,0,0,,0,0,0,0,0,,,,,,,,,6,,,,,,,,,,,,,,local,0,,,,,,,,,,,,,,,,,,,scale A,,15397,,,
129,13,,,,,,2.95,kg,0,0.315,3.265,06-06-26,11:27:45,Technician ,0,0,,,0,119,,,0,0,0,kg,0,,,,,,,,,0,0,,,,,,,,,0,0,,0,0,0,0,0,,,,,,,,,6,,,,,,,,,,,,,,local,0,,,,,,,,,,,,,,,,,,,scale A,,15398,,,
162,13,,,,,,2.61,kg,0,0.315,2.925,06-06-26,12:52:08,Technician ,0,0,,,0,120,,,0,0,0,kg,0,,,,,,,,,0,0,,,,,,,,,0,0,,0,0,0,0,0,,,,,,,,,6,,,,,,,,,,,,,,local,0,,,,,,,,,,,,,,,,,,,scale A,,15399,,,
175,13,,,,,,2.6,kg,0,0.315,2.915,06-06-26,13:30:22,Technician ,0,0,,,0,121,,,0,0,0,kg,0,,,,,,,,,0,0,,,,,,,,,0,0,,0,0,0,0,0,,,,,,,,,9,,,,,,,,,,,,,,local,0,,,,,,,,,,,,,,,,,,,scale A,,15400,,,
191,13,,,,,,2.91,kg,0,0.315,3.225,06-06-26,14:12:02,Technician ,0,0,,,0,122,,,0,0,0,kg,0,,,,,,,,,0,0,,,,,,,,,0,0,,0,0,0,0,0,,,,,,,,,6,,,,,,,,,,,,,,local,0,,,,,,,,,,,,,,,,,,,scale A,,15401,,,
226,13,,,,,,2.55,kg,0,0.315,2.865,06-06-26,15:32:45,Technician ,0,0,,,0,123,,,0,0,0,kg,0,,,,,,,,,0,0,,,,,,,,,0,0,,0,0,0,0,0,,,,,,,,,9,,,,,,,,,,,,,,local,0,,,,,,,,,,,,,,,,,,,scale A,,15402,,,
237,13,,,,,,2.925,kg,0,0.315,3.24,06-06-26,15:39:08,Technician ,0,0,,,0,124,,,0,0,0,kg,0,,,,,,,,,0,0,,,,,,,,,0,0,,0,0,0,0,0,,,,,,,,,7,,,,,,,,,,,,,,local,0,,,,,,,,,,,,,,,,,,,scale A,,15403,,,
265,13,,,,,,3.11,kg,0,0.315,3.425,06-06-26,16:17:18,Technician ,0,0,,,0,125,,,0,0,0,kg,0,,,,,,,,,0,0,,,,,,,,,0,0,,0,0,0,0,0,,,,,,,,,6,,,,,,,,,,,,,,local,0,,,,,,,,,,,,,,,,,,,scale A,,15404,,,
279,13,,,,,,3.205,kg,0,0.315,3.52,06-06-26,16:43:40,Technician ,0,0,,,0,126,,,0,0,0,kg,0,,,,,,,,,0,0,,,,,,,,,0,0,,0,0,0,0,0,,,,,,,,,7,,,,,,,,,,,,,,local,0,,,,,,,,,,,,,,,,,,,scale A,,15405,,,
13,17,,,,,,3.495,kg,0,0.3,3.795,06-06-26,08:25:55,Technician ,0,0,,,0,127,,,0,0,0,kg,0,,,,,,,,,0,0,,,,,,,,,0,0,,0,0,0,0,0,,,,,,,,,6,,,,,,,,,,,,,,local,0,,,,,,,,,,,,,,,,,,,scale A,,15406,,,
40,17,,,,,,3.28,kg,0,0.3,3.58,06-06-26,08:38:02,Technician ,0,0,,,0,128,,,0,0,0,kg,0,,,,,,,,,0,0,,,,,,,,,0,0,,0,0,0,0,0,,,,,,,,,5,,,,,,,,,,,,,,local,0,,,,,,,,,,,,,,,,,,,scale A,,15407,,,
85,17,,,,,,3.385,kg,0,0.3,3.685,06-06-26,10:19:13,Technician ,0,0,,,0,129,,,0,0,0,kg,0,,,,,,,,,0,0,,,,,,,,,0,0,,0,0,0,0,0,,,,,,,,,6,,,,,,,,,,,,,,local,0,,,,,,,,,,,,,,,,,,,scale A,,15408,,,
97,17,,,,,,3.31,kg,0,0.3,3.61,06-06-26,10:27:21,Technician ,0,0,,,0,130,,,0,0,0,kg,0,,,,,,,,,0,0,,,,,,,,,0,0,,0,0,0,0,0,,,,,,,,,7,,,,,,,,,,,,,,local,0,,,,,,,,,,,,,,,,,,,scale A,,15409,,,
131,17,,,,,,3.52,kg,0,0.315,3.835,06-06-26,11:28:28,Technician ,0,0,,,0,131,,,0,0,0,kg,0,,,,,,,,,0,0,,,,,,,,,0,0,,0,0,0,0,0,,,,,,,,,5,,,,,,,,,,,,,,local,0,,,,,,,,,,,,,,,,,,,scale A,,15410,,,
153,17,,,,,,3.355,kg,0,0.315,3.67,06-06-26,12:47:58,Technician ,0,0,,,0,132,,,0,0,0,kg,0,,,,,,,,,0,0,,,,,,,,,0,0,,0,0,0,0,0,,,,,,,,,6,,,,,,,,,,,,,,local,0,,,,,,,,,,,,,,,,,,,scale A,,15411,,,
170,17,,,,,,3.17,kg,0,0.315,3.485,06-06-26,13:28:31,Technician ,0,0,,,0,133,,,0,0,0,kg,0,,,,,,,,,0,0,,,,,,,,,0,0,,0,0,0,0,0,,,,,,,,,5,,,,,,,,,,,,,,local,0,,,,,,,,,,,,,,,,,,,scale A,,15412,,,
208,17,,,,,,3.535,kg,0,0.315,3.85,06-06-26,14:21:55,Technician ,0,0,,,0,134,,,0,0,0,kg,0,,,,,,,,,0,0,,,,,,,,,0,0,,0,0,0,0,0,,,,,,,,,5,,,,,,,,,,,,,,local,0,,,,,,,,,,,,,,,,,,,scale A,,15413,,,
238,17,,,,,,3.13,kg,0,0.315,3.445,06-06-26,15:39:38,Technician ,0,0,,,0,135,,,0,0,0,kg,0,,,,,,,,,0,0,,,,,,,,,0,0,,0,0,0,0,0,,,,,,,,,4,,,,,,,,,,,,,,local,0,,,,,,,,,,,,,,,,,,,scale A,,15414,,,
262,17,,,,,,3.145,kg,0,0.315,3.46,06-06-26,16:16:12,Technician ,0,0,,,0,136,,,0,0,0,kg,0,,,,,,,,,0,0,,,,,,,,,0,0,,0,0,0,0,0,,,,,,,,,7,,,,,,,,,,,,,,local,0,,,,,,,,,,,,,,,,,,,scale A,,15415,,,
274,17,,,,,,2.99,kg,0,0.315,3.305,06-06-26,16:41:39,Technician ,0,0,,,0,137,,,0,0,0,kg,0,,,,,,,,,0,0,,,,,,,,,0,0,,0,0,0,0,0,,,,,,,,,7,,,,,,,,,,,,,,local,0,,,,,,,,,,,,,,,,,,,scale A,,15416,,,
10,19,,,,,,2.67,kg,0,0.3,2.97,06-06-26,08:23:50,Technician ,0,0,,,0,138,,,0,0,0,kg,0,,,,,,,,,0,0,,,,,,,,,0,0,,0,0,0,0,0,,,,,,,,,7,,,,,,,,,,,,,,local,0,,,,,,,,,,,,,,,,,,,scale A,,15417,,,
24,19,,,,,,2.7,kg,0,0.3,3,06-06-26,08:30:38,Technician ,0,0,,,0,139,,,0,0,0,kg,0,,,,,,,,,0,0,,,,,,,,,0,0,,0,0,0,0,0,,,,,,,,,8,,,,,,,,,,,,,,local,0,,,,,,,,,,,,,,,,,,,scale A,,15418,,,
74,19,,,,,,2.605,kg,0,0.3,2.905,06-06-26,10:15:14,Technician ,0,0,,,0,140,,,0,0,0,kg,0,,,,,,,,,0,0,,,,,,,,,0,0,,0,0,0,0,0,,,,,,,,,8,,,,,,,,,,,,,,local,0,,,,,,,,,,,,,,,,,,,scale A,,15419,,,
99,19,,,,,,3.12,kg,0,0.3,3.42,06-06-26,10:29:00,Technician ,0,0,,,0,141,,,0,0,0,kg,0,,,,,,,,,0,0,,,,,,,,,0,0,,0,0,0,0,0,,,,,,,,,10,,,,,,,,,,,,,,local,0,,,,,,,,,,,,,,,,,,,scale A,,15420,,,
103,19,,,,,,2.56,kg,0,0.315,2.875,06-06-26,11:12:13,Technician ,0,0,,,0,142,,,0,0,0,kg,0,,,,,,,,,0,0,,,,,,,,,0,0,,0,0,0,0,0,,,,,,,,,7,,,,,,,,,,,,,,local,0,,,,,,,,,,,,,,,,,,,scale A,,15421,,,
146,19,,,,,,2.535,kg,0,0.315,2.85,06-06-26,11:44:49,Technician ,0,0,,,0,143,,,0,0,0,kg,0,,,,,,,,,0,0,,,,,,,,,0,0,,0,0,0,0,0,,,,,,,,,4,,,,,,,,,,,,,,local,0,,,,,,,,,,,,,,,,,,,scale A,,15422,,,
165,19,,,,,,2.295,kg,0,0.315,2.61,06-06-26,12:53:02,Technician ,0,0,,,0,144,,,0,0,0,kg,0,,,,,,,,,0,0,,,,,,,,,0,0,,0,0,0,0,0,,,,,,,,,7,,,,,,,,,,,,,,local,0,,,,,,,,,,,,,,,,,,,scale A,,15423,,,
172,19,,,,,,2.275,kg,0,0.315,2.59,06-06-26,13:29:03,Technician ,0,0,,,0,145,,,0,0,0,kg,0,,,,,,,,,0,0,,,,,,,,,0,0,,0,0,0,0,0,,,,,,,,,6,,,,,,,,,,,,,,local,0,,,,,,,,,,,,,,,,,,,scale A,,15424,,,
193,19,,,,,,2.095,kg,0,0.315,2.41,06-06-26,14:12:50,Technician ,0,0,,,0,146,,,0,0,0,kg,0,,,,,,,,,0,0,,,,,,,,,0,0,,0,0,0,0,0,,,,,,,,,6,,,,,,,,,,,,,,local,0,,,,,,,,,,,,,,,,,,,scale A,,15425,,,
235,19,,,,,,2.83,kg,0,0.315,3.145,06-06-26,15:38:08,Technician ,0,0,,,0,147,,,0,0,0,kg,0,,,,,,,,,0,0,,,,,,,,,0,0,,0,0,0,0,0,,,,,,,,,6,,,,,,,,,,,,,,local,0,,,,,,,,,,,,,,,,,,,scale A,,15426,,,
254,19,,,,,,2.69,kg,0,0.315,3.005,06-06-26,16:10:44,Technician ,0,0,,,0,148,,,0,0,0,kg,0,,,,,,,,,0,0,,,,,,,,,0,0,,0,0,0,0,0,,,,,,,,,7,,,,,,,,,,,,,,local,0,,,,,,,,,,,,,,,,,,,scale A,,15427,,,
280,19,,,,,,2.835,kg,0,0.315,3.15,06-06-26,16:44:15,Technician ,0,0,,,0,149,,,0,0,0,kg,0,,,,,,,,,0,0,,,,,,,,,0,0,,0,0,0,0,0,,,,,,,,,8,,,,,,,,,,,,,,local,0,,,,,,,,,,,,,,,,,,,scale A,,15428,,,
4,20,,,,,,3.395,kg,0,0.3,3.695,06-06-26,08:21:11,Technician ,0,0,,,0,150,,,0,0,0,kg,0,,,,,,,,,0,0,,,,,,,,,0,0,,0,0,0,0,0,,,,,,,,,10,,,,,,,,,,,,,,local,0,,,,,,,,,,,,,,,,,,,scale A,,15429,,,
11,20,,,,,,3.185,kg,0,0.3,3.485,06-06-26,08:24:15,Technician ,0,0,,,0,151,,,0,0,0,kg,0,,,,,,,,,0,0,,,,,,,,,0,0,,0,0,0,0,0,,,,,,,,,9,,,,,,,,,,,,,,local,0,,,,,,,,,,,,,,,,,,,scale A,,15430,,,
64,20,,,,,,3.14,kg,0,0.3,3.44,06-06-26,08:59:11,Technician ,0,0,,,0,152,,,0,0,0,kg,0,,,,,,,,,0,0,,,,,,,,,0,0,,0,0,0,0,0,,,,,,,,,8,,,,,,,,,,,,,,local,0,,,,,,,,,,,,,,,,,,,scale A,,15431,,,
72,20,,,,,,3.71,kg,0,0.3,4.01,06-06-26,10:14:06,Technician ,0,0,,,0,153,,,0,0,0,kg,0,,,,,,,,,0,0,,,,,,,,,0,0,,0,0,0,0,0,,,,,,,,,6,,,,,,,,,,,,,,local,0,,,,,,,,,,,,,,,,,,,scale A,,15432,,,
101,20,,,,,,2.655,kg,0,0.315,2.97,06-06-26,11:11:28,Technician ,0,0,,,0,154,,,0,0,0,kg,0,,,,,,,,,0,0,,,,,,,,,0,0,,0,0,0,0,0,,,,,,,,,11,,,,,,,,,,,,,,local,0,,,,,,,,,,,,,,,,,,,scale A,,15433,,,
147,20,,,,,,3.505,kg,0,0.315,3.82,06-06-26,11:45:33,Technician ,0,0,,,0,155,,,0,0,0,kg,0,,,,,,,,,0,0,,,,,,,,,0,0,,0,0,0,0,0,,,,,,,,,8,,,,,,,,,,,,,,local,0,,,,,,,,,,,,,,,,,,,scale A,,15434,,,
157,20,,,,,,3.335,kg,0,0.315,3.65,06-06-26,12:49:44,Technician ,0,0,,,0,156,,,0,0,0,kg,0,,,,,,,,,0,0,,,,,,,,,0,0,,0,0,0,0,0,,,,,,,,,7,,,,,,,,,,,,,,local,0,,,,,,,,,,,,,,,,,,,scale A,,15435,,,
174,20,,,,,,3.18,kg,0,0.315,3.495,06-06-26,13:29:55,Technician ,0,0,,,0,157,,,0,0,0,kg,0,,,,,,,,,0,0,,,,,,,,,0,0,,0,0,0,0,0,,,,,,,,,7,,,,,,,,,,,,,,local,0,,,,,,,,,,,,,,,,,,,scale A,,15436,,,
194,20,,,,,,1.7,kg,0,0.315,2.015,06-06-26,14:13:04,Technician ,0,0,,,0,158,,,0,0,0,kg,0,,,,,,,,,0,0,,,,,,,,,0,0,,0,0,0,0,0,,,,,,,,,9,,,,,,,,,,,,,,local,0,,,,,,,,,,,,,,,,,,,scale A,,15437,,,
201,20,,,,,,3.465,kg,0,0.315,3.78,06-06-26,14:18:40,Technician ,0,0,,,0,159,,,0,0,0,kg,0,,,,,,,,,0,0,,,,,,,,,0,0,,0,0,0,0,0,,,,,,,,,6,,,,,,,,,,,,,,local,0,,,,,,,,,,,,,,,,,,,scale A,,15438,,,
218,20,,,,,,3.17,kg,0,0.315,3.485,06-06-26,15:28:22,Technician ,0,0,,,0,160,,,0,0,0,kg,0,,,,,,,,,0,0,,,,,,,,,0,0,,0,0,0,0,0,,,,,,,,,8,,,,,,,,,,,,,,local,0,,,,,,,,,,,,,,,,,,,scale A,,15439,,,
259,20,,,,,,3.39,kg,0,0.315,3.705,06-06-26,16:14:53,Technician ,0,0,,,0,161,,,0,0,0,kg,0,,,,,,,,,0,0,,,,,,,,,0,0,,0,0,0,0,0,,,,,,,,,7,,,,,,,,,,,,,,local,0,,,,,,,,,,,,,,,,,,,scale A,,15440,,,
277,20,,,,,,3.395,kg,0,0.315,3.71,06-06-26,16:42:55,Technician ,0,0,,,0,162,,,0,0,0,kg,0,,,,,,,,,0,0,,,,,,,,,0,0,,0,0,0,0,0,,,,,,,,,7,,,,,,,,,,,,,,local,0,,,,,,,,,,,,,,,,,,,scale A,,15441,,,
17,22,,,,,,3.05,kg,0,0.3,3.35,06-06-26,08:28:09,Technician ,0,0,,,0,163,,,0,0,0,kg,0,,,,,,,,,0,0,,,,,,,,,0,0,,0,0,0,0,0,,,,,,,,,8,,,,,,,,,,,,,,local,0,,,,,,,,,,,,,,,,,,,scale A,,15442,,,
50,22,,,,,,3.265,kg,0,0.3,3.565,06-06-26,08:42:52,Technician ,0,0,,,0,164,,,0,0,0,kg,0,,,,,,,,,0,0,,,,,,,,,0,0,,0,0,0,0,0,,,,,,,,,8,,,,,,,,,,,,,,local,0,,,,,,,,,,,,,,,,,,,scale A,,15443,,,
57,22,,,,,,3.385,kg,0,0.3,3.685,06-06-26,08:48:38,Technician ,0,0,,,0,165,,,0,0,0,kg,0,,,,,,,,,0,0,,,,,,,,,0,0,,0,0,0,0,0,,,,,,,,,7,,,,,,,,,,,,,,local,0,,,,,,,,,,,,,,,,,,,scale A,,15444,,,
81,22,,,,,,3.715,kg,0,0.3,4.015,06-06-26,10:18:13,Technician ,0,0,,,0,166,,,0,0,0,kg,0,,,,,,,,,0,0,,,,,,,,,0,0,,0,0,0,0,0,,,,,,,,,8,,,,,,,,,,,,,,local,0,,,,,,,,,,,,,,,,,,,scale A,,15445,,,
108,22,,,,,,3.7,kg,0,0.315,4.015,06-06-26,11:18:47,Technician ,0,0,,,0,167,,,0,0,0,kg,0,,,,,,,,,0,0,,,,,,,,,0,0,,0,0,0,0,0,,,,,,,,,10,,,,,,,,,,,,,,local,0,,,,,,,,,,,,,,,,,,,scale A,,15446,,,
127,22,,,,,,2.675,kg,0,0.315,2.99,06-06-26,11:26:48,Technician ,0,0,,,0,168,,,0,0,0,kg,0,,,,,,,,,0,0,,,,,,,,,0,0,,0,0,0,0,0,,,,,,,,,7,,,,,,,,,,,,,,local,0,,,,,,,,,,,,,,,,,,,scale A,,15447,,,
144,22,,,,,,3.915,kg,0,0.315,4.23,06-06-26,11:43:59,Technician ,0,0,,,0,169,,,0,0,0,kg,0,,,,,,,,,0,0,,,,,,,,,0,0,,0,0,0,0,0,,,,,,,,,9,,,,,,,,,,,,,,local,0,,,,,,,,,,,,,,,,,,,scale A,,15448,,,
155,22,,,,,,3.67,kg,0,0.315,3.985,06-06-26,12:49:15,Technician ,0,0,,,0,170,,,0,0,0,kg,0,,,,,,,,,0,0,,,,,,,,,0,0,,0,0,0,0,0,,,,,,,,,7,,,,,,,,,,,,,,local,0,,,,,,,,,,,,,,,,,,,scale A,,15449,,,
181,22,,,,,,3.715,kg,0,0.315,4.03,06-06-26,13:38:19,Technician ,0,0,,,0,171,,,0,0,0,kg,0,,,,,,,,,0,0,,,,,,,,,0,0,,0,0,0,0,0,,,,,,,,,9,,,,,,,,,,,,,,local,0,,,,,,,,,,,,,,,,,,,scale A,,15450,,,
198,22,,,,,,4.375,kg,0,0.315,4.69,06-06-26,14:17:25,Technician ,0,0,,,0,172,,,0,0,0,kg,0,,,,,,,,,0,0,,,,,,,,,0,0,,0,0,0,0,0,,,,,,,,,8,,,,,,,,,,,,,,local,0,,,,,,,,,,,,,,,,,,,scale A,,15451,,,
220,22,,,,,,3.275,kg,0,0.315,3.59,06-06-26,15:29:21,Technician ,0,0,,,0,173,,,0,0,0,kg,0,,,,,,,,,0,0,,,,,,,,,0,0,,0,0,0,0,0,,,,,,,,,10,,,,,,,,,,,,,,local,0,,,,,,,,,,,,,,,,,,,scale A,,15452,,,
258,22,,,,,,3.54,kg,0,0.315,3.855,06-06-26,16:14:38,Technician ,0,0,,,0,174,,,0,0,0,kg,0,,,,,,,,,0,0,,,,,,,,,0,0,,0,0,0,0,0,,,,,,,,,8,,,,,,,,,,,,,,local,0,,,,,,,,,,,,,,,,,,,scale A,,15453,,,
284,22,,,,,,3.51,kg,0,0.315,3.825,06-06-26,16:45:35,Technician ,0,0,,,0,175,,,0,0,0,kg,0,,,,,,,,,0,0,,,,,,,,,0,0,,0,0,0,0,0,,,,,,,,,8,,,,,,,,,,,,,,local,0,,,,,,,,,,,,,,,,,,,scale A,,15454,,,
32,23,,,,,,3.19,kg,0,0.3,3.49,06-06-26,08:34:13,Technician ,0,0,,,0,176,,,0,0,0,kg,0,,,,,,,,,0,0,,,,,,,,,0,0,,0,0,0,0,0,,,,,,,,,7,,,,,,,,,,,,,,local,0,,,,,,,,,,,,,,,,,,,scale A,,15455,,,
63,23,,,,,,2.98,kg,0,0.3,3.28,06-06-26,08:55:32,Technician ,0,0,,,0,177,,,0,0,0,kg,0,,,,,,,,,0,0,,,,,,,,,0,0,,0,0,0,0,0,,,,,,,,,9,,,,,,,,,,,,,,local,0,,,,,,,,,,,,,,,,,,,scale A,,15456,,,
91,23,,,,,,3.24,kg,0,0.3,3.54,06-06-26,10:21:42,Technician ,0,0,,,0,178,,,0,0,0,kg,0,,,,,,,,,0,0,,,,,,,,,0,0,,0,0,0,0,0,,,,,,,,,11,,,,,,,,,,,,,,local,0,,,,,,,,,,,,,,,,,,,scale A,,15457,,,
135,23,,,,,,3.51,kg,0,0.315,3.825,06-06-26,11:39:00,Technician ,0,0,,,0,179,,,0,0,0,kg,0,,,,,,,,,0,0,,,,,,,,,0,0,,0,0,0,0,0,,,,,,,,,9,,,,,,,,,,,,,,local,0,,,,,,,,,,,,,,,,,,,scale A,,15458,,,
185,23,,,,,,3.605,kg,0,0.315,3.92,06-06-26,13:39:40,Technician ,0,0,,,0,181,,,0,0,0,kg,0,,,,,,,,,0,0,,,,,,,,,0,0,,0,0,0,0,0,,,,,,,,,9,,,,,,,,,,,,,,local,0,,,,,,,,,,,,,,,,,,,scale A,,15460,,,
210,23,,,,,,2.135,kg,0,0.315,2.45,06-06-26,14:23:04,Technician ,0,0,,,0,182,,,0,0,0,kg,0,,,,,,,,,0,0,,,,,,,,,0,0,,0,0,0,0,0,,,,,,,,,9,,,,,,,,,,,,,,local,0,,,,,,,,,,,,,,,,,,,scale A,,15461,,,
230,23,,,,,,3.465,kg,0,0.315,3.78,06-06-26,15:34:45,Technician ,0,0,,,0,183,,,0,0,0,kg,0,,,,,,,,,0,0,,,,,,,,,0,0,,0,0,0,0,0,,,,,,,,,9,,,,,,,,,,,,,,local,0,,,,,,,,,,,,,,,,,,,scale A,,15462,,,
271,23,,,,,,3.325,kg,0,0.315,3.64,06-06-26,16:40:07,Technician ,0,0,,,0,184,,,0,0,0,kg,0,,,,,,,,,0,0,,,,,,,,,0,0,,0,0,0,0,0,,,,,,,,,8,,,,,,,,,,,,,,local,0,,,,,,,,,,,,,,,,,,,scale A,,15463,,,
12,24,,,,,,2.65,kg,0,0.3,2.95,06-06-26,08:24:43,Technician ,0,0,,,0,185,,,0,0,0,kg,0,,,,,,,,,0,0,,,,,,,,,0,0,,0,0,0,0,0,,,,,,,,,8,,,,,,,,,,,,,,local,0,,,,,,,,,,,,,,,,,,,scale A,,15464,,,
28,24,,,,,,2.755,kg,0,0.3,3.055,06-06-26,08:32:17,Technician ,0,0,,,0,186,,,0,0,0,kg,0,,,,,,,,,0,0,,,,,,,,,0,0,,0,0,0,0,0,,,,,,,,,5,,,,,,,,,,,,,,local,0,,,,,,,,,,,,,,,,,,,scale A,,15465,,,
58,24,,,,,,2.14,kg,0,0.3,2.44,06-06-26,08:52:56,Technician ,0,0,,,0,187,,,0,0,0,kg,0,,,,,,,,,0,0,,,,,,,,,0,0,,0,0,0,0,0,,,,,,,,,12,,,,,,,,,,,,,,local,0,,,,,,,,,,,,,,,,,,,scale A,,15466,,,
83,24,,,,,,2.965,kg,0,0.3,3.265,06-06-26,10:18:48,Technician ,0,0,,,0,188,,,0,0,0,kg,0,,,,,,,,,0,0,,,,,,,,,0,0,,0,0,0,0,0,,,,,,,,,6,,,,,,,,,,,,,,local,0,,,,,,,,,,,,,,,,,,,scale A,,15467,,,
107,24,,,,,,2.835,kg,0,0.315,3.15,06-06-26,11:18:10,Technician ,0,0,,,0,189,,,0,0,0,kg,0,,,,,,,,,0,0,,,,,,,,,0,0,,0,0,0,0,0,,,,,,,,,6,,,,,,,,,,,,,,local,0,,,,,,,,,,,,,,,,,,,scale A,,15468,,,
159,24,,,,,,2.975,kg,0,0.315,3.29,06-06-26,12:50:46,Technician ,0,0,,,0,190,,,0,0,0,kg,0,,,,,,,,,0,0,,,,,,,,,0,0,,0,0,0,0,0,,,,,,,,,11,,,,,,,,,,,,,,local,0,,,,,,,,,,,,,,,,,,,scale A,,15469,,,
176,24,,,,,,2.62,kg,0,0.315,2.935,06-06-26,13:30:43,Technician ,0,0,,,0,191,,,0,0,0,kg,0,,,,,,,,,0,0,,,,,,,,,0,0,,0,0,0,0,0,,,,,,,,,8,,,,,,,,,,,,,,local,0,,,,,,,,,,,,,,,,,,,scale A,,15470,,,
190,24,,,,,,2.995,kg,0,0.315,3.31,06-06-26,14:11:43,Technician ,0,0,,,0,192,,,0,0,0,kg,0,,,,,,,,,0,0,,,,,,,,,0,0,,0,0,0,0,0,,,,,,,,,9,,,,,,,,,,,,,,local,0,,,,,,,,,,,,,,,,,,,scale A,,15471,,,
227,24,,,,,,3.01,kg,0,0.315,3.325,06-06-26,15:33:09,Technician ,0,0,,,0,193,,,0,0,0,kg,0,,,,,,,,,0,0,,,,,,,,,0,0,,0,0,0,0,0,,,,,,,,,13,,,,,,,,,,,,,,local,0,,,,,,,,,,,,,,,,,,,scale A,,15472,,,
242,24,,,,,,3.085,kg,0,0.315,3.4,06-06-26,15:41:25,Technician ,0,0,,,0,194,,,0,0,0,kg,0,,,,,,,,,0,0,,,,,,,,,0,0,,0,0,0,0,0,,,,,,,,,9,,,,,,,,,,,,,,local,0,,,,,,,,,,,,,,,,,,,scale A,,15473,,,
264,24,,,,,,3.095,kg,0,0.315,3.41,06-06-26,16:16:59,Technician ,0,0,,,0,195,,,0,0,0,kg,0,,,,,,,,,0,0,,,,,,,,,0,0,,0,0,0,0,0,,,,,,,,,9,,,,,,,,,,,,,,local,0,,,,,,,,,,,,,,,,,,,scale A,,15474,,,
281,24,,,,,,2.87,kg,0,0.315,3.185,06-06-26,16:44:31,Technician ,0,0,,,0,196,,,0,0,0,kg,0,,,,,,,,,0,0,,,,,,,,,0,0,,0,0,0,0,0,,,,,,,,,10,,,,,,,,,,,,,,local,0,,,,,,,,,,,,,,,,,,,scale A,,15475,,,
15,26,,,,,,3.345,kg,0,0.3,3.645,06-06-26,08:26:40,Technician ,0,0,,,0,197,,,0,0,0,kg,0,,,,,,,,,0,0,,,,,,,,,0,0,,0,0,0,0,0,,,,,,,,,12,,,,,,,,,,,,,,local,0,,,,,,,,,,,,,,,,,,,scale A,,15476,,,
38,26,,,,,,3.27,kg,0,0.3,3.57,06-06-26,08:37:01,Technician ,0,0,,,0,198,,,0,0,0,kg,0,,,,,,,,,0,0,,,,,,,,,0,0,,0,0,0,0,0,,,,,,,,,14,,,,,,,,,,,,,,local,0,,,,,,,,,,,,,,,,,,,scale A,,15477,,,
55,26,,,,,,3.33,kg,0,0.3,3.63,06-06-26,08:48:06,Technician ,0,0,,,0,199,,,0,0,0,kg,0,,,,,,,,,0,0,,,,,,,,,0,0,,0,0,0,0,0,,,,,,,,,10,,,,,,,,,,,,,,local,0,,,,,,,,,,,,,,,,,,,scale A,,15478,,,
71,26,,,,,,3.25,kg,0,0.3,3.55,06-06-26,10:13:49,Technician ,0,0,,,0,200,,,0,0,0,kg,0,,,,,,,,,0,0,,,,,,,,,0,0,,0,0,0,0,0,,,,,,,,,11,,,,,,,,,,,,,,local,0,,,,,,,,,,,,,,,,,,,scale A,,15479,,,
92,26,,,,,,3.38,kg,0,0.3,3.68,06-06-26,10:22:06,Technician ,0,0,,,0,201,,,0,0,0,kg,0,,,,,,,,,0,0,,,,,,,,,0,0,,0,0,0,0,0,,,,,,,,,10,,,,,,,,,,,,,,local,0,,,,,,,,,,,,,,,,,,,scale A,,15480,,,
119,26,,,,,,3.355,kg,0,0.315,3.67,06-06-26,11:23:10,Technician ,0,0,,,0,202,,,0,0,0,kg,0,,,,,,,,,0,0,,,,,,,,,0,0,,0,0,0,0,0,,,,,,,,,10,,,,,,,,,,,,,,local,0,,,,,,,,,,,,,,,,,,,scale A,,15481,,,
142,26,,,,,,3.415,kg,0,0.315,3.73,06-06-26,11:43:08,Technician ,0,0,,,0,203,,,0,0,0,kg,0,,,,,,,,,0,0,,,,,,,,,0,0,,0,0,0,0,0,,,,,,,,,12,,,,,,,,,,,,,,local,0,,,,,,,,,,,,,,,,,,,scale A,,15482,,,
163,26,,,,,,3.355,kg,0,0.315,3.67,06-06-26,12:52:31,Technician ,0,0,,,0,204,,,0,0,0,kg,0,,,,,,,,,0,0,,,,,,,,,0,0,,0,0,0,0,0,,,,,,,,,10,,,,,,,,,,,,,,local,0,,,,,,,,,,,,,,,,,,,scale A,,15483,,,
180,26,,,,,,3.325,kg,0,0.315,3.64,06-06-26,13:32:46,Technician ,0,0,,,0,205,,,0,0,0,kg,0,,,,,,,,,0,0,,,,,,,,,0,0,,0,0,0,0,0,,,,,,,,,10,,,,,,,,,,,,,,local,0,,,,,,,,,,,,,,,,,,,scale A,,15484,,,
204,26,,,,,,3.145,kg,0,0.315,3.46,06-06-26,14:19:53,Technician ,0,0,,,0,206,,,0,0,0,kg,0,,,,,,,,,0,0,,,,,,,,,0,0,,0,0,0,0,0,,,,,,,,,13,,,,,,,,,,,,,,local,0,,,,,,,,,,,,,,,,,,,scale A,,15485,,,
219,26,,,,,,3.255,kg,0,0.315,3.57,06-06-26,15:28:43,Technician ,0,0,,,0,207,,,0,0,0,kg,0,,,,,,,,,0,0,,,,,,,,,0,0,,0,0,0,0,0,,,,,,,,,9,,,,,,,,,,,,,,local,0,,,,,,,,,,,,,,,,,,,scale A,,15486,,,
250,26,,,,,,3.08,kg,0,0.315,3.395,06-06-26,16:09:02,Technician ,0,0,,,0,208,,,0,0,0,kg,0,,,,,,,,,0,0,,,,,,,,,0,0,,0,0,0,0,0,,,,,,,,,8,,,,,,,,,,,,,,local,0,,,,,,,,,,,,,,,,,,,scale A,,15487,,,
251,26,,,,,,3.15,kg,0,0.315,3.465,06-06-26,16:09:23,Technician ,0,0,,,0,209,,,0,0,0,kg,0,,,,,,,,,0,0,,,,,,,,,0,0,,0,0,0,0,0,,,,,,,,,8,,,,,,,,,,,,,,local,0,,,,,,,,,,,,,,,,,,,scale A,,15488,,,
5,27,,,,,,3.275,kg,0,0.3,3.575,06-06-26,08:21:36,Technician ,0,0,,,0,210,,,0,0,0,kg,0,,,,,,,,,0,0,,,,,,,,,0,0,,0,0,0,0,0,,,,,,,,,10,,,,,,,,,,,,,,local,0,,,,,,,,,,,,,,,,,,,scale A,,15489,,,
30,27,,,,,,3.43,kg,0,0.3,3.73,06-06-26,08:33:25,Technician ,0,0,,,0,211,,,0,0,0,kg,0,,,,,,,,,0,0,,,,,,,,,0,0,,0,0,0,0,0,,,,,,,,,6,,,,,,,,,,,,,,local,0,,,,,,,,,,,,,,,,,,,scale A,,15490,,,
52,27,,,,,,3.465,kg,0,0.3,3.765,06-06-26,08:44:53,Technician ,0,0,,,0,212,,,0,0,0,kg,0,,,,,,,,,0,0,,,,,,,,,0,0,,0,0,0,0,0,,,,,,,,,10,,,,,,,,,,,,,,local,0,,,,,,,,,,,,,,,,,,,scale A,,15491,,,
70,27,,,,,,2.925,kg,0,0.3,3.225,06-06-26,09:06:16,Technician ,0,0,,,0,213,,,0,0,0,kg,0,,,,,,,,,0,0,,,,,,,,,0,0,,0,0,0,0,0,,,,,,,,,9,,,,,,,,,,,,,,local,0,,,,,,,,,,,,,,,,,,,scale A,,15492,,,
82,27,,,,,,3.115,kg,0,0.3,3.415,06-06-26,10:18:31,Technician ,0,0,,,0,214,,,0,0,0,kg,0,,,,,,,,,0,0,,,,,,,,,0,0,,0,0,0,0,0,,,,,,,,,5,,,,,,,,,,,,,,local,0,,,,,,,,,,,,,,,,,,,scale A,,15493,,,
125,27,,,,,,3.13,kg,0,0.315,3.445,06-06-26,11:25:13,Technician ,0,0,,,0,215,,,0,0,0,kg,0,,,,,,,,,0,0,,,,,,,,,0,0,,0,0,0,0,0,,,,,,,,,6,,,,,,,,,,,,,,local,0,,,,,,,,,,,,,,,,,,,scale A,,15494,,,
136,27,,,,,,2.81,kg,0,0.315,3.125,06-06-26,11:39:15,Technician ,0,0,,,0,216,,,0,0,0,kg,0,,,,,,,,,0,0,,,,,,,,,0,0,,0,0,0,0,0,,,,,,,,,15,,,,,,,,,,,,,,local,0,,,,,,,,,,,,,,,,,,,scale A,,15495,,,
160,27,,,,,,2.995,kg,0,0.315,3.31,06-06-26,12:51:15,Technician ,0,0,,,0,217,,,0,0,0,kg,0,,,,,,,,,0,0,,,,,,,,,0,0,,0,0,0,0,0,,,,,,,,,11,,,,,,,,,,,,,,local,0,,,,,,,,,,,,,,,,,,,scale A,,15496,,,
169,27,,,,,,3.145,kg,0,0.315,3.46,06-06-26,13:25:50,Technician ,0,0,,,0,218,,,0,0,0,kg,0,,,,,,,,,0,0,,,,,,,,,0,0,,0,0,0,0,0,,,,,,,,,11,,,,,,,,,,,,,,local,0,,,,,,,,,,,,,,,,,,,scale A,,15497,,,
209,27,,,,,,2.415,kg,0,0.315,2.73,06-06-26,14:22:12,Technician ,0,0,,,0,219,,,0,0,0,kg,0,,,,,,,,,0,0,,,,,,,,,0,0,,0,0,0,0,0,,,,,,,,,11,,,,,,,,,,,,,,local,0,,,,,,,,,,,,,,,,,,,scale A,,15498,,,
236,27,,,,,,3.55,kg,0,0.315,3.865,06-06-26,15:38:37,Technician ,0,0,,,0,220,,,0,0,0,kg,0,,,,,,,,,0,0,,,,,,,,,0,0,,0,0,0,0,0,,,,,,,,,11,,,,,,,,,,,,,,local,0,,,,,,,,,,,,,,,,,,,scale A,,15499,,,
256,27,,,,,,2.62,kg,0,0.315,2.935,06-06-26,16:11:29,Technician ,0,0,,,0,221,,,0,0,0,kg,0,,,,,,,,,0,0,,,,,,,,,0,0,,0,0,0,0,0,,,,,,,,,11,,,,,,,,,,,,,,local,0,,,,,,,,,,,,,,,,,,,scale A,,15500,,,
282,27,,,,,,3.5,kg,0,0.315,3.815,06-06-26,16:44:53,Technician ,0,0,,,0,222,,,0,0,0,kg,0,,,,,,,,,0,0,,,,,,,,,0,0,,0,0,0,0,0,,,,,,,,,10,,,,,,,,,,,,,,local,0,,,,,,,,,,,,,,,,,,,scale A,,15501,,,
3,29,,,,,,3.575,kg,0,0.3,3.875,06-06-26,08:20:40,Technician ,0,0,,,0,223,,,0,0,0,kg,0,,,,,,,,,0,0,,,,,,,,,0,0,,0,0,0,0,0,,,,,,,,,11,,,,,,,,,,,,,,local,0,,,,,,,,,,,,,,,,,,,scale A,,15502,,,
29,29,,,,,,3.945,kg,0,0.3,4.245,06-06-26,08:32:58,Technician ,0,0,,,0,224,,,0,0,0,kg,0,,,,,,,,,0,0,,,,,,,,,0,0,,0,0,0,0,0,,,,,,,,,13,,,,,,,,,,,,,,local,0,,,,,,,,,,,,,,,,,,,scale A,,15503,,,
51,29,,,,,,3.59,kg,0,0.3,3.89,06-06-26,08:43:47,Technician ,0,0,,,0,225,,,0,0,0,kg,0,,,,,,,,,0,0,,,,,,,,,0,0,,0,0,0,0,0,,,,,,,,,11,,,,,,,,,,,,,,local,0,,,,,,,,,,,,,,,,,,,scale A,,15504,,,
68,29,,,,,,3.785,kg,0,0.3,4.085,06-06-26,09:04:47,Technician ,0,0,,,0,226,,,0,0,0,kg,0,,,,,,,,,0,0,,,,,,,,,0,0,,0,0,0,0,0,,,,,,,,,14,,,,,,,,,,,,,,local,0,,,,,,,,,,,,,,,,,,,scale A,,15505,,,
86,29,,,,,,3.625,kg,0,0.3,3.925,06-06-26,10:19:44,Technician ,0,0,,,0,227,,,0,0,0,kg,0,,,,,,,,,0,0,,,,,,,,,0,0,,0,0,0,0,0,,,,,,,,,10,,,,,,,,,,,,,,local,0,,,,,,,,,,,,,,,,,,,scale A,,15506,,,
114,29,,,,,,3.815,kg,0,0.315,4.13,06-06-26,11:21:04,Technician ,0,0,,,0,228,,,0,0,0,kg,0,,,,,,,,,0,0,,,,,,,,,0,0,,0,0,0,0,0,,,,,,,,,9,,,,,,,,,,,,,,local,0,,,,,,,,,,,,,,,,,,,scale A,,15507,,,
126,29,,,,,,3.525,kg,0,0.315,3.84,06-06-26,11:26:25,Technician ,0,0,,,0,229,,,0,0,0,kg,0,,,,,,,,,0,0,,,,,,,,,0,0,,0,0,0,0,0,,,,,,,,,9,,,,,,,,,,,,,,local,0,,,,,,,,,,,,,,,,,,,scale A,,15508,,,
139,29,,,,,,3.025,kg,0,0.315,3.34,06-06-26,11:41:57,Technician ,0,0,,,0,230,,,0,0,0,kg,0,,,,,,,,,0,0,,,,,,,,,0,0,,0,0,0,0,0,,,,,,,,,10,,,,,,,,,,,,,,local,0,,,,,,,,,,,,,,,,,,,scale A,,15509,,,
158,29,,,,,,3.315,kg,0,0.315,3.63,06-06-26,12:50:07,Technician ,0,0,,,0,231,,,0,0,0,kg,0,,,,,,,,,0,0,,,,,,,,,0,0,,0,0,0,0,0,,,,,,,,,7,,,,,,,,,,,,,,local,0,,,,,,,,,,,,,,,,,,,scale A,,15510,,,
167,29,,,,,,3.3,kg,0,0.315,3.615,06-06-26,13:20:40,Technician ,0,0,,,0,232,,,0,0,0,kg,0,,,,,,,,,0,0,,,,,,,,,0,0,,0,0,0,0,0,,,,,,,,,12,,,,,,,,,,,,,,local,0,,,,,,,,,,,,,,,,,,,scale A,,15511,,,
199,29,,,,,,2.79,kg,0,0.315,3.105,06-06-26,14:18:00,Technician ,0,0,,,0,233,,,0,0,0,kg,0,,,,,,,,,0,0,,,,,,,,,0,0,,0,0,0,0,0,,,,,,,,,12,,,,,,,,,,,,,,local,0,,,,,,,,,,,,,,,,,,,scale A,,15512,,,
234,29,,,,,,4.105,kg,0,0.315,4.42,06-06-26,15:37:30,Technician ,0,0,,,0,234,,,0,0,0,kg,0,,,,,,,,,0,0,,,,,,,,,0,0,,0,0,0,0,0,,,,,,,,,11,,,,,,,,,,,,,,local,0,,,,,,,,,,,,,,,,,,,scale A,,15513,,,
257,29,,,,,,3.23,kg,0,0.315,3.545,06-06-26,16:12:00,Technician ,0,0,,,0,235,,,0,0,0,kg,0,,,,,,,,,0,0,,,,,,,,,0,0,,0,0,0,0,0,,,,,,,,,12,,,,,,,,,,,,,,local,0,,,,,,,,,,,,,,,,,,,scale A,,15514,,,
278,29,,,,,,3.545,kg,0,0.315,3.86,06-06-26,16:43:13,Technician ,0,0,,,0,236,,,0,0,0,kg,0,,,,,,,,,0,0,,,,,,,,,0,0,,0,0,0,0,0,,,,,,,,,10,,,,,,,,,,,,,,local,0,,,,,,,,,,,,,,,,,,,scale A,,15515,,,
47,30,,,,,,2.565,kg,0,0.3,2.865,06-06-26,08:41:23,Technician ,0,0,,,0,237,,,0,0,0,kg,0,,,,,,,,,0,0,,,,,,,,,0,0,,0,0,0,0,0,,,,,,,,,11,,,,,,,,,,,,,,local,0,,,,,,,,,,,,,,,,,,,scale A,,15516,,,
60,30,,,,,,2.425,kg,0,0.3,2.725,06-06-26,08:53:33,Technician ,0,0,,,0,238,,,0,0,0,kg,0,,,,,,,,,0,0,,,,,,,,,0,0,,0,0,0,0,0,,,,,,,,,11,,,,,,,,,,,,,,local,0,,,,,,,,,,,,,,,,,,,scale A,,15517,,,
109,30,,,,,,2.435,kg,0,0.315,2.75,06-06-26,11:19:06,Technician ,0,0,,,0,239,,,0,0,0,kg,0,,,,,,,,,0,0,,,,,,,,,0,0,,0,0,0,0,0,,,,,,,,,9,,,,,,,,,,,,,,local,0,,,,,,,,,,,,,,,,,,,scale A,,15518,,,
111,30,,,,,,2.73,kg,0,0.315,3.045,06-06-26,11:19:52,Technician ,0,0,,,0,240,,,0,0,0,kg,0,,,,,,,,,0,0,,,,,,,,,0,0,,0,0,0,0,0,,,,,,,,,16,,,,,,,,,,,,,,local,0,,,,,,,,,,,,,,,,,,,scale A,,15519,,,
134,30,,,,,,2.22,kg,0,0.315,2.535,06-06-26,11:38:45,Technician ,0,0,,,0,241,,,0,0,0,kg,0,,,,,,,,,0,0,,,,,,,,,0,0,,0,0,0,0,0,,,,,,,,,14,,,,,,,,,,,,,,local,0,,,,,,,,,,,,,,,,,,,scale A,,15520,,,
187,30,,,,,,2.745,kg,0,0.315,3.06,06-06-26,14:09:42,Technician ,0,0,,,0,242,,,0,0,0,kg,0,,,,,,,,,0,0,,,,,,,,,0,0,,0,0,0,0,0,,,,,,,,,10,,,,,,,,,,,,,,local,0,,,,,,,,,,,,,,,,,,,scale A,,15521,,,
246,30,,,,,,2.525,kg,0,0.315,2.84,06-06-26,16:06:48,Technician ,0,0,,,0,243,,,0,0,0,kg,0,,,,,,,,,0,0,,,,,,,,,0,0,,0,0,0,0,0,,,,,,,,,10,,,,,,,,,,,,,,local,0,,,,,,,,,,,,,,,,,,,scale A,,15522,,,
287,30,,,,,,1.61,kg,0,0.315,1.925,06-06-26,16:47:00,Technician ,0,0,,,0,244,,,0,0,0,kg,0,,,,,,,,,0,0,,,,,,,,,0,0,,0,0,0,0,0,,,,,,,,,15,,,,,,,,,,,,,,local,0,,,,,,,,,,,,,,,,,,,scale A,,15523,,,
20,32,,,,,,2.92,kg,0,0.3,3.22,06-06-26,08:28:59,Technician ,0,0,,,0,245,,,0,0,0,kg,0,,,,,,,,,0,0,,,,,,,,,0,0,,0,0,0,0,0,,,,,,,,,15,,,,,,,,,,,,,,local,0,,,,,,,,,,,,,,,,,,,scale A,,15524,,,
43,32,,,,,,2.955,kg,0,0.3,3.255,06-06-26,08:39:36,Technician ,0,0,,,0,246,,,0,0,0,kg,0,,,,,,,,,0,0,,,,,,,,,0,0,,0,0,0,0,0,,,,,,,,,7,,,,,,,,,,,,,,local,0,,,,,,,,,,,,,,,,,,,scale A,,15525,,,
90,32,,,,,,2.61,kg,0,0.3,2.91,06-06-26,10:21:21,Technician ,0,0,,,0,247,,,0,0,0,kg,0,,,,,,,,,0,0,,,,,,,,,0,0,,0,0,0,0,0,,,,,,,,,7,,,,,,,,,,,,,,local,0,,,,,,,,,,,,,,,,,,,scale A,,15526,,,
98,32,,,,,,3.355,kg,0,0.3,3.655,06-06-26,10:28:27,Technician ,0,0,,,0,248,,,0,0,0,kg,0,,,,,,,,,0,0,,,,,,,,,0,0,,0,0,0,0,0,,,,,,,,,17,,,,,,,,,,,,,,local,0,,,,,,,,,,,,,,,,,,,scale A,,15527,,,
117,32,,,,,,3.345,kg,0,0.315,3.66,06-06-26,11:21:54,Technician ,0,0,,,0,249,,,0,0,0,kg,0,,,,,,,,,0,0,,,,,,,,,0,0,,0,0,0,0,0,,,,,,,,,12,,,,,,,,,,,,,,local,0,,,,,,,,,,,,,,,,,,,scale A,,15528,,,
132,32,,,,,,2.535,kg,0,0.315,2.85,06-06-26,11:38:28,Technician ,0,0,,,0,250,,,0,0,0,kg,0,,,,,,,,,0,0,,,,,,,,,0,0,,0,0,0,0,0,,,,,,,,,12,,,,,,,,,,,,,,local,0,,,,,,,,,,,,,,,,,,,scale A,,15529,,,
168,32,,,,,,3.295,kg,0,0.315,3.61,06-06-26,13:21:37,Technician ,0,0,,,0,251,,,0,0,0,kg,0,,,,,,,,,0,0,,,,,,,,,0,0,,0,0,0,0,0,,,,,,,,,12,,,,,,,,,,,,,,local,0,,,,,,,,,,,,,,,,,,,scale A,,15530,,,
184,32,,,,,,2.5,kg,0,0.315,2.815,06-06-26,13:39:17,Technician ,0,0,,,0,252,,,0,0,0,kg,0,,,,,,,,,0,0,,,,,,,,,0,0,,0,0,0,0,0,,,,,,,,,13,,,,,,,,,,,,,,local,0,,,,,,,,,,,,,,,,,,,scale A,,15531,,,
206,32,,,,,,2.11,kg,0,0.315,2.425,06-06-26,14:21:12,Technician ,0,0,,,0,253,,,0,0,0,kg,0,,,,,,,,,0,0,,,,,,,,,0,0,,0,0,0,0,0,,,,,,,,,16,,,,,,,,,,,,,,local,0,,,,,,,,,,,,,,,,,,,scale A,,15532,,,
229,32,,,,,,3.525,kg,0,0.315,3.84,06-06-26,15:33:56,Technician ,0,0,,,0,254,,,0,0,0,kg,0,,,,,,,,,0,0,,,,,,,,,0,0,,0,0,0,0,0,,,,,,,,,12,,,,,,,,,,,,,,local,0,,,,,,,,,,,,,,,,,,,scale A,,15533,,,
233,32,,,,,,3.105,kg,0,0.315,3.42,06-06-26,15:36:41,Technician ,0,0,,,0,255,,,0,0,0,kg,0,,,,,,,,,0,0,,,,,,,,,0,0,,0,0,0,0,0,,,,,,,,,11,,,,,,,,,,,,,,local,0,,,,,,,,,,,,,,,,,,,scale A,,15534,,,
248,32,,,,,,2.94,kg,0,0.315,3.255,06-06-26,16:07:43,Technician ,0,0,,,0,256,,,0,0,0,kg,0,,,,,,,,,0,0,,,,,,,,,0,0,,0,0,0,0,0,,,,,,,,,13,,,,,,,,,,,,,,local,0,,,,,,,,,,,,,,,,,,,scale A,,15535,,,
268,32,,,,,,1.915,kg,0,0.315,2.23,06-06-26,16:30:23,Technician ,0,0,,,0,257,,,0,0,0,kg,0,,,,,,,,,0,0,,,,,,,,,0,0,,0,0,0,0,0,,,,,,,,,12,,,,,,,,,,,,,,local,0,,,,,,,,,,,,,,,,,,,scale A,,15536,,,
25,34,,,,,,2.81,kg,0,0.3,3.11,06-06-26,08:31:03,Technician ,0,0,,,0,258,,,0,0,0,kg,0,,,,,,,,,0,0,,,,,,,,,0,0,,0,0,0,0,0,,,,,,,,,13,,,,,,,,,,,,,,local,0,,,,,,,,,,,,,,,,,,,scale A,,15537,,,
61,34,,,,,,2.365,kg,0,0.3,2.665,06-06-26,08:54:09,Technician ,0,0,,,0,259,,,0,0,0,kg,0,,,,,,,,,0,0,,,,,,,,,0,0,,0,0,0,0,0,,,,,,,,,12,,,,,,,,,,,,,,local,0,,,,,,,,,,,,,,,,,,,scale A,,15538,,,
94,34,,,,,,2.65,kg,0,0.3,2.95,06-06-26,10:25:20,Technician ,0,0,,,0,260,,,0,0,0,kg,0,,,,,,,,,0,0,,,,,,,,,0,0,,0,0,0,0,0,,,,,,,,,12,,,,,,,,,,,,,,local,0,,,,,,,,,,,,,,,,,,,scale A,,15539,,,
143,34,,,,,,2.61,kg,0,0.315,2.925,06-06-26,11:43:29,Technician ,0,0,,,0,261,,,0,0,0,kg,0,,,,,,,,,0,0,,,,,,,,,0,0,,0,0,0,0,0,,,,,,,,,13,,,,,,,,,,,,,,local,0,,,,,,,,,,,,,,,,,,,scale A,,15540,,,
213,34,,,,,,2.61,kg,0,0.315,2.925,06-06-26,14:25:48,Technician ,0,0,,,0,262,,,0,0,0,kg,0,,,,,,,,,0,0,,,,,,,,,0,0,,0,0,0,0,0,,,,,,,,,11,,,,,,,,,,,,,,local,0,,,,,,,,,,,,,,,,,,,scale A,,15541,,,
214,34,,,,,,2.405,kg,0,0.315,2.72,06-06-26,15:26:07,Technician ,0,0,,,0,263,,,0,0,0,kg,0,,,,,,,,,0,0,,,,,,,,,0,0,,0,0,0,0,0,,,,,,,,,10,,,,,,,,,,,,,,local,0,,,,,,,,,,,,,,,,,,,scale A,,15542,,,
263,34,,,,,,2.505,kg,0,0.315,2.82,06-06-26,16:16:34,Technician ,0,0,,,0,264,,,0,0,0,kg,0,,,,,,,,,0,0,,,,,,,,,0,0,,0,0,0,0,0,,,,,,,,,7,,,,,,,,,,,,,,local,0,,,,,,,,,,,,,,,,,,,scale A,,15543,,,
2,35,,,,,,3.695,kg,0,0.3,3.995,06-06-26,08:20:05,Technician ,0,0,,,0,265,,,0,0,0,kg,0,,,,,,,,,0,0,,,,,,,,,0,0,,0,0,0,0,0,,,,,,,,,11,,,,,,,,,,,,,,local,0,,,,,,,,,,,,,,,,,,,scale A,,15544,,,
53,35,,,,,,3.605,kg,0,0.3,3.905,06-06-26,08:45:29,Technician ,0,0,,,0,266,,,0,0,0,kg,0,,,,,,,,,0,0,,,,,,,,,0,0,,0,0,0,0,0,,,,,,,,,12,,,,,,,,,,,,,,local,0,,,,,,,,,,,,,,,,,,,scale A,,15545,,,
54,35,,,,,,3.975,kg,0,0.3,4.275,06-06-26,08:47:52,Technician ,0,0,,,0,267,,,0,0,0,kg,0,,,,,,,,,0,0,,,,,,,,,0,0,,0,0,0,0,0,,,,,,,,,13,,,,,,,,,,,,,,local,0,,,,,,,,,,,,,,,,,,,scale A,,15546,,,
73,35,,,,,,3.83,kg,0,0.3,4.13,06-06-26,10:14:27,Technician ,0,0,,,0,268,,,0,0,0,kg,0,,,,,,,,,0,0,,,,,,,,,0,0,,0,0,0,0,0,,,,,,,,,11,,,,,,,,,,,,,,local,0,,,,,,,,,,,,,,,,,,,scale A,,15547,,,
93,35,,,,,,4.005,kg,0,0.3,4.305,06-06-26,10:23:42,Technician ,0,0,,,0,269,,,0,0,0,kg,0,,,,,,,,,0,0,,,,,,,,,0,0,,0,0,0,0,0,,,,,,,,,13,,,,,,,,,,,,,,local,0,,,,,,,,,,,,,,,,,,,scale A,,15548,,,
118,35,,,,,,2.955,kg,0,0.315,3.27,06-06-26,11:22:30,Technician ,0,0,,,0,270,,,0,0,0,kg,0,,,,,,,,,0,0,,,,,,,,,0,0,,0,0,0,0,0,,,,,,,,,16,,,,,,,,,,,,,,local,0,,,,,,,,,,,,,,,,,,,scale A,,15549,,,
148,35,,,,,,3.21,kg,0,0.315,3.525,06-06-26,11:45:57,Technician ,0,0,,,0,271,,,0,0,0,kg,0,,,,,,,,,0,0,,,,,,,,,0,0,,0,0,0,0,0,,,,,,,,,18,,,,,,,,,,,,,,local,0,,,,,,,,,,,,,,,,,,,scale A,,15550,,,
152,35,,,,,,2.965,kg,0,0.315,3.28,06-06-26,12:47:27,Technician ,0,0,,,0,272,,,0,0,0,kg,0,,,,,,,,,0,0,,,,,,,,,0,0,,0,0,0,0,0,,,,,,,,,8,,,,,,,,,,,,,,local,0,,,,,,,,,,,,,,,,,,,scale A,,15551,,,
179,35,,,,,,3.085,kg,0,0.315,3.4,06-06-26,13:31:57,Technician ,0,0,,,0,273,,,0,0,0,kg,0,,,,,,,,,0,0,,,,,,,,,0,0,,0,0,0,0,0,,,,,,,,,17,,,,,,,,,,,,,,local,0,,,,,,,,,,,,,,,,,,,scale A,,15552,,,
195,35,,,,,,3.11,kg,0,0.315,3.425,06-06-26,14:14:43,Technician ,0,0,,,0,274,,,0,0,0,kg,0,,,,,,,,,0,0,,,,,,,,,0,0,,0,0,0,0,0,,,,,,,,,12,,,,,,,,,,,,,,local,0,,,,,,,,,,,,,,,,,,,scale A,,15553,,,
224,35,,,,,,3.295,kg,0,0.315,3.61,06-06-26,15:31:27,Technician ,0,0,,,0,275,,,0,0,0,kg,0,,,,,,,,,0,0,,,,,,,,,0,0,,0,0,0,0,0,,,,,,,,,11,,,,,,,,,,,,,,local,0,,,,,,,,,,,,,,,,,,,scale A,,15554,,,
232,35,,,,,,3.115,kg,0,0.315,3.43,06-06-26,15:36:09,Technician ,0,0,,,0,276,,,0,0,0,kg,0,,,,,,,,,0,0,,,,,,,,,0,0,,0,0,0,0,0,,,,,,,,,14,,,,,,,,,,,,,,local,0,,,,,,,,,,,,,,,,,,,scale A,,15555,,,
266,35,,,,,,3.025,kg,0,0.315,3.34,06-06-26,16:17:33,Technician ,0,0,,,0,277,,,0,0,0,kg,0,,,,,,,,,0,0,,,,,,,,,0,0,,0,0,0,0,0,,,,,,,,,14,,,,,,,,,,,,,,local,0,,,,,,,,,,,,,,,,,,,scale A,,15556,,,
276,35,,,,,,3.07,kg,0,0.315,3.385,06-06-26,16:42:35,Technician ,0,0,,,0,278,,,0,0,0,kg,0,,,,,,,,,0,0,,,,,,,,,0,0,,0,0,0,0,0,,,,,,,,,13,,,,,,,,,,,,,,local,0,,,,,,,,,,,,,,,,,,,scale A,,15557,,,
289,35,,,,,,1.4,kg,0,0.315,1.715,06-06-26,16:47:23,Technician ,0,0,,,0,279,,,0,0,0,kg,0,,,,,,,,,0,0,,,,,,,,,0,0,,0,0,0,0,0,,,,,,,,,14,,,,,,,,,,,,,,local,0,,,,,,,,,,,,,,,,,,,scale A,,15558,,,
23,38,,,,,,3.275,kg,0,0.3,3.575,06-06-26,08:29:59,Technician ,0,0,,,0,280,,,0,0,0,kg,0,,,,,,,,,0,0,,,,,,,,,0,0,,0,0,0,0,0,,,,,,,,,13,,,,,,,,,,,,,,local,0,,,,,,,,,,,,,,,,,,,scale A,,15559,,,
41,38,,,,,,2.945,kg,0,0.3,3.245,06-06-26,08:38:40,Technician ,0,0,,,0,281,,,0,0,0,kg,0,,,,,,,,,0,0,,,,,,,,,0,0,,0,0,0,0,0,,,,,,,,,12,,,,,,,,,,,,,,local,0,,,,,,,,,,,,,,,,,,,scale A,,15560,,,
62,38,,,,,,1.795,kg,0,0.3,2.095,06-06-26,08:54:46,Technician ,0,0,,,0,282,,,0,0,0,kg,0,,,,,,,,,0,0,,,,,,,,,0,0,,0,0,0,0,0,,,,,,,,,12,,,,,,,,,,,,,,local,0,,,,,,,,,,,,,,,,,,,scale A,,15561,,,
95,38,,,,,,2.95,kg,0,0.3,3.25,06-06-26,10:26:01,Technician ,0,0,,,0,283,,,0,0,0,kg,0,,,,,,,,,0,0,,,,,,,,,0,0,,0,0,0,0,0,,,,,,,,,13,,,,,,,,,,,,,,local,0,,,,,,,,,,,,,,,,,,,scale A,,15562,,,
128,38,,,,,,2.945,kg,0,0.315,3.26,06-06-26,11:27:18,Technician ,0,0,,,0,284,,,0,0,0,kg,0,,,,,,,,,0,0,,,,,,,,,0,0,,0,0,0,0,0,,,,,,,,,14,,,,,,,,,,,,,,local,0,,,,,,,,,,,,,,,,,,,scale A,,15563,,,
145,38,,,,,,2.255,kg,0,0.315,2.57,06-06-26,11:44:26,Technician ,0,0,,,0,285,,,0,0,0,kg,0,,,,,,,,,0,0,,,,,,,,,0,0,,0,0,0,0,0,,,,,,,,,13,,,,,,,,,,,,,,local,0,,,,,,,,,,,,,,,,,,,scale A,,15564,,,
156,38,,,,,,3.185,kg,0,0.315,3.5,06-06-26,12:49:28,Technician ,0,0,,,0,286,,,0,0,0,kg,0,,,,,,,,,0,0,,,,,,,,,0,0,,0,0,0,0,0,,,,,,,,,18,,,,,,,,,,,,,,local,0,,,,,,,,,,,,,,,,,,,scale A,,15565,,,
207,38,,,,,,1.56,kg,0,0.315,1.875,06-06-26,14:21:27,Technician ,0,0,,,0,287,,,0,0,0,kg,0,,,,,,,,,0,0,,,,,,,,,0,0,,0,0,0,0,0,,,,,,,,,19,,,,,,,,,,,,,,local,0,,,,,,,,,,,,,,,,,,,scale A,,15566,,,
212,38,,,,,,2.775,kg,0,0.315,3.09,06-06-26,14:25:32,Technician ,0,0,,,0,288,,,0,0,0,kg,0,,,,,,,,,0,0,,,,,,,,,0,0,,0,0,0,0,0,,,,,,,,,8,,,,,,,,,,,,,,local,0,,,,,,,,,,,,,,,,,,,scale A,,15567,,,
221,38,,,,,,3.04,kg,0,0.315,3.355,06-06-26,15:29:56,Technician ,0,0,,,0,289,,,0,0,0,kg,0,,,,,,,,,0,0,,,,,,,,,0,0,,0,0,0,0,0,,,,,,,,,8,,,,,,,,,,,,,,local,0,,,,,,,,,,,,,,,,,,,scale A,,15568,,,
261,38,,,,,,3.335,kg,0,0.315,3.65,06-06-26,16:15:41,Technician ,0,0,,,0,290,,,0,0,0,kg,0,,,,,,,,,0,0,,,,,,,,,0,0,,0,0,0,0,0,,,,,,,,,15,,,,,,,,,,,,,,local,0,,,,,,,,,,,,,,,,,,,scale A,,15569,,,
